product_id,product_name,brand,category,category_group,source_url,attributes
ELK001,Apple iPhone 16 128 GB,Apple,Cep Telefonu,elektronik_cep_telefonu,https://www.cimri.com/arama?q=Apple+iPhone+16+128+GB,"{""ram_gb"": 6, ""storage_gb"": 128, ""variant_label"": ""128 GB""}"
ELK002,Apple iPhone 16 Pro 128 GB,Apple,Cep Telefonu,elektronik_cep_telefonu,https://www.cimri.com/arama?q=Apple+iPhone+16+Pro+128+GB,"{""ram_gb"": 8, ""storage_gb"": 128, ""variant_label"": ""128 GB""}"
ELK003,Apple iPhone 15 128 GB,Apple,Cep Telefonu,elektronik_cep_telefonu,https://www.cimri.com/arama?q=Apple+iPhone+15+128+GB,"{""ram_gb"": 12, ""storage_gb"": 128, ""variant_label"": ""128 GB""}"
ELK004,Samsung Galaxy S25 128 GB,Samsung,Cep Telefonu,elektronik_cep_telefonu,https://www.cimri.com/arama?q=Samsung+Galaxy+S25+128+GB,"{""ram_gb"": 4, ""storage_gb"": 128, ""variant_label"": ""128 GB""}"
ELK005,Samsung Galaxy S24 FE 128 GB,Samsung,Cep Telefonu,elektronik_cep_telefonu,https://www.cimri.com/arama?q=Samsung+Galaxy+S24+FE+128+GB,"{""ram_gb"": 6, ""storage_gb"": 128, ""variant_label"": ""128 GB""}"
ELK006,Samsung Galaxy A56 128 GB,Samsung,Cep Telefonu,elektronik_cep_telefonu,https://www.cimri.com/arama?q=Samsung+Galaxy+A56+128+GB,"{""ram_gb"": 8, ""storage_gb"": 128, ""variant_label"": ""128 GB""}"
ELK007,Xiaomi Redmi Note 14 128 GB,Xiaomi,Cep Telefonu,elektronik_cep_telefonu,https://www.cimri.com/arama?q=Xiaomi+Redmi+Note+14+128+GB,"{""ram_gb"": 12, ""storage_gb"": 128, ""variant_label"": ""128 GB""}"
ELK008,Xiaomi Redmi Note 14 Pro 128 GB,Xiaomi,Cep Telefonu,elektronik_cep_telefonu,https://www.cimri.com/arama?q=Xiaomi+Redmi+Note+14+Pro+128+GB,"{""ram_gb"": 4, ""storage_gb"": 128, ""variant_label"": ""128 GB""}"
ELK009,Xiaomi Poco X7 128 GB,Xiaomi,Cep Telefonu,elektronik_cep_telefonu,https://www.cimri.com/arama?q=Xiaomi+Poco+X7+128+GB,"{""ram_gb"": 6, ""storage_gb"": 128, ""variant_label"": ""128 GB""}"
ELK010,Oppo Reno 12 128 GB,Oppo,Cep Telefonu,elektronik_cep_telefonu,https://www.cimri.com/arama?q=Oppo+Reno+12+128+GB,"{""ram_gb"": 8, ""storage_gb"": 128, ""variant_label"": ""128 GB""}"
ELK011,Oppo A80 128 GB,Oppo,Cep Telefonu,elektronik_cep_telefonu,https://www.cimri.com/arama?q=Oppo+A80+128+GB,"{""ram_gb"": 12, ""storage_gb"": 128, ""variant_label"": ""128 GB""}"
ELK012,Oppo Find X8 128 GB,Oppo,Cep Telefonu,elektronik_cep_telefonu,https://www.cimri.com/arama?q=Oppo+Find+X8+128+GB,"{""ram_gb"": 4, ""storage_gb"": 128, ""variant_label"": ""128 GB""}"
ELK013,Realme 13 Pro 128 GB,Realme,Cep Telefonu,elektronik_cep_telefonu,https://www.cimri.com/arama?q=Realme+13+Pro+128+GB,"{""ram_gb"": 6, ""storage_gb"": 128, ""variant_label"": ""128 GB""}"
ELK014,Realme C67 128 GB,Realme,Cep Telefonu,elektronik_cep_telefonu,https://www.cimri.com/arama?q=Realme+C67+128+GB,"{""ram_gb"": 8, ""storage_gb"": 128, ""variant_label"": ""128 GB""}"
ELK015,Realme Note 60 128 GB,Realme,Cep Telefonu,elektronik_cep_telefonu,https://www.cimri.com/arama?q=Realme+Note+60+128+GB,"{""ram_gb"": 12, ""storage_gb"": 128, ""variant_label"": ""128 GB""}"
ELK016,Apple iPhone 16 256 GB,Apple,Cep Telefonu,elektronik_cep_telefonu,https://www.cimri.com/arama?q=Apple+iPhone+16+256+GB,"{""ram_gb"": 4, ""storage_gb"": 256, ""variant_label"": ""256 GB""}"
ELK017,Apple iPhone 16 Pro 256 GB,Apple,Cep Telefonu,elektronik_cep_telefonu,https://www.cimri.com/arama?q=Apple+iPhone+16+Pro+256+GB,"{""ram_gb"": 6, ""storage_gb"": 256, ""variant_label"": ""256 GB""}"
ELK018,Apple iPhone 15 256 GB,Apple,Cep Telefonu,elektronik_cep_telefonu,https://www.cimri.com/arama?q=Apple+iPhone+15+256+GB,"{""ram_gb"": 8, ""storage_gb"": 256, ""variant_label"": ""256 GB""}"
ELK019,Samsung Galaxy S25 256 GB,Samsung,Cep Telefonu,elektronik_cep_telefonu,https://www.cimri.com/arama?q=Samsung+Galaxy+S25+256+GB,"{""ram_gb"": 12, ""storage_gb"": 256, ""variant_label"": ""256 GB""}"
ELK020,Samsung Galaxy S24 FE 256 GB,Samsung,Cep Telefonu,elektronik_cep_telefonu,https://www.cimri.com/arama?q=Samsung+Galaxy+S24+FE+256+GB,"{""ram_gb"": 4, ""storage_gb"": 256, ""variant_label"": ""256 GB""}"
ELK021,Samsung Galaxy A56 256 GB,Samsung,Cep Telefonu,elektronik_cep_telefonu,https://www.cimri.com/arama?q=Samsung+Galaxy+A56+256+GB,"{""ram_gb"": 6, ""storage_gb"": 256, ""variant_label"": ""256 GB""}"
ELK022,Xiaomi Redmi Note 14 256 GB,Xiaomi,Cep Telefonu,elektronik_cep_telefonu,https://www.cimri.com/arama?q=Xiaomi+Redmi+Note+14+256+GB,"{""ram_gb"": 8, ""storage_gb"": 256, ""variant_label"": ""256 GB""}"
ELK023,Xiaomi Redmi Note 14 Pro 256 GB,Xiaomi,Cep Telefonu,elektronik_cep_telefonu,https://www.cimri.com/arama?q=Xiaomi+Redmi+Note+14+Pro+256+GB,"{""ram_gb"": 12, ""storage_gb"": 256, ""variant_label"": ""256 GB""}"
ELK024,Xiaomi Poco X7 256 GB,Xiaomi,Cep Telefonu,elektronik_cep_telefonu,https://www.cimri.com/arama?q=Xiaomi+Poco+X7+256+GB,"{""ram_gb"": 4, ""storage_gb"": 256, ""variant_label"": ""256 GB""}"
ELK025,Oppo Reno 12 256 GB,Oppo,Cep Telefonu,elektronik_cep_telefonu,https://www.cimri.com/arama?q=Oppo+Reno+12+256+GB,"{""ram_gb"": 6, ""storage_gb"": 256, ""variant_label"": ""256 GB""}"
ELK026,Oppo A80 256 GB,Oppo,Cep Telefonu,elektronik_cep_telefonu,https://www.cimri.com/arama?q=Oppo+A80+256+GB,"{""ram_gb"": 8, ""storage_gb"": 256, ""variant_label"": ""256 GB""}"
ELK027,Oppo Find X8 256 GB,Oppo,Cep Telefonu,elektronik_cep_telefonu,https://www.cimri.com/arama?q=Oppo+Find+X8+256+GB,"{""ram_gb"": 12, ""storage_gb"": 256, ""variant_label"": ""256 GB""}"
ELK028,Realme 13 Pro 256 GB,Realme,Cep Telefonu,elektronik_cep_telefonu,https://www.cimri.com/arama?q=Realme+13+Pro+256+GB,"{""ram_gb"": 4, ""storage_gb"": 256, ""variant_label"": ""256 GB""}"
ELK029,Realme C67 256 GB,Realme,Cep Telefonu,elektronik_cep_telefonu,https://www.cimri.com/arama?q=Realme+C67+256+GB,"{""ram_gb"": 6, ""storage_gb"": 256, ""variant_label"": ""256 GB""}"
ELK030,Realme Note 60 256 GB,Realme,Cep Telefonu,elektronik_cep_telefonu,https://www.cimri.com/arama?q=Realme+Note+60+256+GB,"{""ram_gb"": 8, ""storage_gb"": 256, ""variant_label"": ""256 GB""}"
ELK031,Apple iPhone 16 512 GB,Apple,Cep Telefonu,elektronik_cep_telefonu,https://www.cimri.com/arama?q=Apple+iPhone+16+512+GB,"{""ram_gb"": 12, ""storage_gb"": 512, ""variant_label"": ""512 GB""}"
ELK032,Apple iPhone 16 Pro 512 GB,Apple,Cep Telefonu,elektronik_cep_telefonu,https://www.cimri.com/arama?q=Apple+iPhone+16+Pro+512+GB,"{""ram_gb"": 4, ""storage_gb"": 512, ""variant_label"": ""512 GB""}"
ELK033,Apple iPhone 15 512 GB,Apple,Cep Telefonu,elektronik_cep_telefonu,https://www.cimri.com/arama?q=Apple+iPhone+15+512+GB,"{""ram_gb"": 6, ""storage_gb"": 512, ""variant_label"": ""512 GB""}"
ELK034,Samsung Galaxy S25 512 GB,Samsung,Cep Telefonu,elektronik_cep_telefonu,https://www.cimri.com/arama?q=Samsung+Galaxy+S25+512+GB,"{""ram_gb"": 8, ""storage_gb"": 512, ""variant_label"": ""512 GB""}"
ELK035,Samsung Galaxy S24 FE 512 GB,Samsung,Cep Telefonu,elektronik_cep_telefonu,https://www.cimri.com/arama?q=Samsung+Galaxy+S24+FE+512+GB,"{""ram_gb"": 12, ""storage_gb"": 512, ""variant_label"": ""512 GB""}"
ELK036,Samsung Galaxy A56 512 GB,Samsung,Cep Telefonu,elektronik_cep_telefonu,https://www.cimri.com/arama?q=Samsung+Galaxy+A56+512+GB,"{""ram_gb"": 4, ""storage_gb"": 512, ""variant_label"": ""512 GB""}"
ELK037,Xiaomi Redmi Note 14 512 GB,Xiaomi,Cep Telefonu,elektronik_cep_telefonu,https://www.cimri.com/arama?q=Xiaomi+Redmi+Note+14+512+GB,"{""ram_gb"": 6, ""storage_gb"": 512, ""variant_label"": ""512 GB""}"
ELK038,Xiaomi Redmi Note 14 Pro 512 GB,Xiaomi,Cep Telefonu,elektronik_cep_telefonu,https://www.cimri.com/arama?q=Xiaomi+Redmi+Note+14+Pro+512+GB,"{""ram_gb"": 8, ""storage_gb"": 512, ""variant_label"": ""512 GB""}"
ELK039,Xiaomi Poco X7 512 GB,Xiaomi,Cep Telefonu,elektronik_cep_telefonu,https://www.cimri.com/arama?q=Xiaomi+Poco+X7+512+GB,"{""ram_gb"": 12, ""storage_gb"": 512, ""variant_label"": ""512 GB""}"
ELK040,Oppo Reno 12 512 GB,Oppo,Cep Telefonu,elektronik_cep_telefonu,https://www.cimri.com/arama?q=Oppo+Reno+12+512+GB,"{""ram_gb"": 4, ""storage_gb"": 512, ""variant_label"": ""512 GB""}"
ELK041,Oppo A80 512 GB,Oppo,Cep Telefonu,elektronik_cep_telefonu,https://www.cimri.com/arama?q=Oppo+A80+512+GB,"{""ram_gb"": 6, ""storage_gb"": 512, ""variant_label"": ""512 GB""}"
ELK042,Oppo Find X8 512 GB,Oppo,Cep Telefonu,elektronik_cep_telefonu,https://www.cimri.com/arama?q=Oppo+Find+X8+512+GB,"{""ram_gb"": 8, ""storage_gb"": 512, ""variant_label"": ""512 GB""}"
ELK043,Realme 13 Pro 512 GB,Realme,Cep Telefonu,elektronik_cep_telefonu,https://www.cimri.com/arama?q=Realme+13+Pro+512+GB,"{""ram_gb"": 12, ""storage_gb"": 512, ""variant_label"": ""512 GB""}"
ELK044,Realme C67 512 GB,Realme,Cep Telefonu,elektronik_cep_telefonu,https://www.cimri.com/arama?q=Realme+C67+512+GB,"{""ram_gb"": 4, ""storage_gb"": 512, ""variant_label"": ""512 GB""}"
ELK045,Realme Note 60 512 GB,Realme,Cep Telefonu,elektronik_cep_telefonu,https://www.cimri.com/arama?q=Realme+Note+60+512+GB,"{""ram_gb"": 6, ""storage_gb"": 512, ""variant_label"": ""512 GB""}"
ELK046,Apple iPhone 16 1024 GB,Apple,Cep Telefonu,elektronik_cep_telefonu,https://www.cimri.com/arama?q=Apple+iPhone+16+1024+GB,"{""ram_gb"": 8, ""storage_gb"": 1024, ""variant_label"": ""1024 GB""}"
ELK047,Apple iPhone 16 Pro 1024 GB,Apple,Cep Telefonu,elektronik_cep_telefonu,https://www.cimri.com/arama?q=Apple+iPhone+16+Pro+1024+GB,"{""ram_gb"": 12, ""storage_gb"": 1024, ""variant_label"": ""1024 GB""}"
ELK048,Apple iPhone 15 1024 GB,Apple,Cep Telefonu,elektronik_cep_telefonu,https://www.cimri.com/arama?q=Apple+iPhone+15+1024+GB,"{""ram_gb"": 4, ""storage_gb"": 1024, ""variant_label"": ""1024 GB""}"
ELK049,Samsung Galaxy S25 1024 GB,Samsung,Cep Telefonu,elektronik_cep_telefonu,https://www.cimri.com/arama?q=Samsung+Galaxy+S25+1024+GB,"{""ram_gb"": 6, ""storage_gb"": 1024, ""variant_label"": ""1024 GB""}"
ELK050,Samsung Galaxy S24 FE 1024 GB,Samsung,Cep Telefonu,elektronik_cep_telefonu,https://www.cimri.com/arama?q=Samsung+Galaxy+S24+FE+1024+GB,"{""ram_gb"": 8, ""storage_gb"": 1024, ""variant_label"": ""1024 GB""}"
EVY001,Karaca Retro Çaydanlık Tekli,Karaca,Ev ve Ofis,ev_yasam_ofis_kirtasiye,https://www.cimri.com/arama?q=Karaca+Retro+%C3%87aydanl%C4%B1k+Tekli,"{""room_or_use"": ""Yatak Odası"", ""variant_label"": ""Tekli""}"
EVY002,Karaca Emaye Tencere Seti Tekli,Karaca,Ev ve Ofis,ev_yasam_ofis_kirtasiye,https://www.cimri.com/arama?q=Karaca+Emaye+Tencere+Seti+Tekli,"{""room_or_use"": ""Banyo"", ""variant_label"": ""Tekli""}"
EVY003,Karaca Kahve Fincanı Tekli,Karaca,Ev ve Ofis,ev_yasam_ofis_kirtasiye,https://www.cimri.com/arama?q=Karaca+Kahve+Fincan%C4%B1+Tekli,"{""room_or_use"": ""Ofis"", ""variant_label"": ""Tekli""}"
EVY004,English Home Pamuklu Nevresim Tekli,English Home,Ev ve Ofis,ev_yasam_ofis_kirtasiye,https://www.cimri.com/arama?q=English+Home+Pamuklu+Nevresim+Tekli,"{""room_or_use"": ""Mutfak"", ""variant_label"": ""Tekli""}"
EVY005,English Home Banyo Havlusu Tekli,English Home,Ev ve Ofis,ev_yasam_ofis_kirtasiye,https://www.cimri.com/arama?q=English+Home+Banyo+Havlusu+Tekli,"{""room_or_use"": ""Yatak Odası"", ""variant_label"": ""Tekli""}"
EVY006,English Home Masa Örtüsü Tekli,English Home,Ev ve Ofis,ev_yasam_ofis_kirtasiye,https://www.cimri.com/arama?q=English+Home+Masa+%C3%96rt%C3%BCs%C3%BC+Tekli,"{""room_or_use"": ""Banyo"", ""variant_label"": ""Tekli""}"
EVY007,Faber Castell Kurşun Kalem Seti Tekli,Faber Castell,Ev ve Ofis,ev_yasam_ofis_kirtasiye,https://www.cimri.com/arama?q=Faber+Castell+Kur%C5%9Fun+Kalem+Seti+Tekli,"{""room_or_use"": ""Ofis"", ""variant_label"": ""Tekli""}"
EVY008,Faber Castell Keçeli Kalem Seti Tekli,Faber Castell,Ev ve Ofis,ev_yasam_ofis_kirtasiye,https://www.cimri.com/arama?q=Faber+Castell+Ke%C3%A7eli+Kalem+Seti+Tekli,"{""room_or_use"": ""Mutfak"", ""variant_label"": ""Tekli""}"
EVY009,Faber Castell Defter Seti Tekli,Faber Castell,Ev ve Ofis,ev_yasam_ofis_kirtasiye,https://www.cimri.com/arama?q=Faber+Castell+Defter+Seti+Tekli,"{""room_or_use"": ""Yatak Odası"", ""variant_label"": ""Tekli""}"
EVY010,Tefal Granit Tava Tekli,Tefal,Ev ve Ofis,ev_yasam_ofis_kirtasiye,https://www.cimri.com/arama?q=Tefal+Granit+Tava+Tekli,"{""room_or_use"": ""Banyo"", ""variant_label"": ""Tekli""}"
EVY011,Tefal Ütü Masası Tekli,Tefal,Ev ve Ofis,ev_yasam_ofis_kirtasiye,https://www.cimri.com/arama?q=Tefal+%C3%9Ct%C3%BC+Masas%C4%B1+Tekli,"{""room_or_use"": ""Ofis"", ""variant_label"": ""Tekli""}"
EVY012,Tefal Düdüklü Tencere Tekli,Tefal,Ev ve Ofis,ev_yasam_ofis_kirtasiye,https://www.cimri.com/arama?q=Tefal+D%C3%BCd%C3%BCkl%C3%BC+Tencere+Tekli,"{""room_or_use"": ""Mutfak"", ""variant_label"": ""Tekli""}"
EVY013,Bambum Bambu Saklama Kabı Tekli,Bambum,Ev ve Ofis,ev_yasam_ofis_kirtasiye,https://www.cimri.com/arama?q=Bambum+Bambu+Saklama+Kab%C4%B1+Tekli,"{""room_or_use"": ""Yatak Odası"", ""variant_label"": ""Tekli""}"
EVY014,Bambum Servis Tahtası Tekli,Bambum,Ev ve Ofis,ev_yasam_ofis_kirtasiye,https://www.cimri.com/arama?q=Bambum+Servis+Tahtas%C4%B1+Tekli,"{""room_or_use"": ""Banyo"", ""variant_label"": ""Tekli""}"
EVY015,Bambum Baharatlık Seti Tekli,Bambum,Ev ve Ofis,ev_yasam_ofis_kirtasiye,https://www.cimri.com/arama?q=Bambum+Baharatl%C4%B1k+Seti+Tekli,"{""room_or_use"": ""Ofis"", ""variant_label"": ""Tekli""}"
EVY016,Karaca Retro Çaydanlık 2 Parça,Karaca,Ev ve Ofis,ev_yasam_ofis_kirtasiye,https://www.cimri.com/arama?q=Karaca+Retro+%C3%87aydanl%C4%B1k+2+Par%C3%A7a,"{""room_or_use"": ""Mutfak"", ""variant_label"": ""2 Parça""}"
EVY017,Karaca Emaye Tencere Seti 2 Parça,Karaca,Ev ve Ofis,ev_yasam_ofis_kirtasiye,https://www.cimri.com/arama?q=Karaca+Emaye+Tencere+Seti+2+Par%C3%A7a,"{""room_or_use"": ""Yatak Odası"", ""variant_label"": ""2 Parça""}"
EVY018,Karaca Kahve Fincanı 2 Parça,Karaca,Ev ve Ofis,ev_yasam_ofis_kirtasiye,https://www.cimri.com/arama?q=Karaca+Kahve+Fincan%C4%B1+2+Par%C3%A7a,"{""room_or_use"": ""Banyo"", ""variant_label"": ""2 Parça""}"
EVY019,English Home Pamuklu Nevresim 2 Parça,English Home,Ev ve Ofis,ev_yasam_ofis_kirtasiye,https://www.cimri.com/arama?q=English+Home+Pamuklu+Nevresim+2+Par%C3%A7a,"{""room_or_use"": ""Ofis"", ""variant_label"": ""2 Parça""}"
EVY020,English Home Banyo Havlusu 2 Parça,English Home,Ev ve Ofis,ev_yasam_ofis_kirtasiye,https://www.cimri.com/arama?q=English+Home+Banyo+Havlusu+2+Par%C3%A7a,"{""room_or_use"": ""Mutfak"", ""variant_label"": ""2 Parça""}"
EVY021,English Home Masa Örtüsü 2 Parça,English Home,Ev ve Ofis,ev_yasam_ofis_kirtasiye,https://www.cimri.com/arama?q=English+Home+Masa+%C3%96rt%C3%BCs%C3%BC+2+Par%C3%A7a,"{""room_or_use"": ""Yatak Odası"", ""variant_label"": ""2 Parça""}"
EVY022,Faber Castell Kurşun Kalem Seti 2 Parça,Faber Castell,Ev ve Ofis,ev_yasam_ofis_kirtasiye,https://www.cimri.com/arama?q=Faber+Castell+Kur%C5%9Fun+Kalem+Seti+2+Par%C3%A7a,"{""room_or_use"": ""Banyo"", ""variant_label"": ""2 Parça""}"
EVY023,Faber Castell Keçeli Kalem Seti 2 Parça,Faber Castell,Ev ve Ofis,ev_yasam_ofis_kirtasiye,https://www.cimri.com/arama?q=Faber+Castell+Ke%C3%A7eli+Kalem+Seti+2+Par%C3%A7a,"{""room_or_use"": ""Ofis"", ""variant_label"": ""2 Parça""}"
EVY024,Faber Castell Defter Seti 2 Parça,Faber Castell,Ev ve Ofis,ev_yasam_ofis_kirtasiye,https://www.cimri.com/arama?q=Faber+Castell+Defter+Seti+2+Par%C3%A7a,"{""room_or_use"": ""Mutfak"", ""variant_label"": ""2 Parça""}"
EVY025,Tefal Granit Tava 2 Parça,Tefal,Ev ve Ofis,ev_yasam_ofis_kirtasiye,https://www.cimri.com/arama?q=Tefal+Granit+Tava+2+Par%C3%A7a,"{""room_or_use"": ""Yatak Odası"", ""variant_label"": ""2 Parça""}"
EVY026,Tefal Ütü Masası 2 Parça,Tefal,Ev ve Ofis,ev_yasam_ofis_kirtasiye,https://www.cimri.com/arama?q=Tefal+%C3%9Ct%C3%BC+Masas%C4%B1+2+Par%C3%A7a,"{""room_or_use"": ""Banyo"", ""variant_label"": ""2 Parça""}"
EVY027,Tefal Düdüklü Tencere 2 Parça,Tefal,Ev ve Ofis,ev_yasam_ofis_kirtasiye,https://www.cimri.com/arama?q=Tefal+D%C3%BCd%C3%BCkl%C3%BC+Tencere+2+Par%C3%A7a,"{""room_or_use"": ""Ofis"", ""variant_label"": ""2 Parça""}"
EVY028,Bambum Bambu Saklama Kabı 2 Parça,Bambum,Ev ve Ofis,ev_yasam_ofis_kirtasiye,https://www.cimri.com/arama?q=Bambum+Bambu+Saklama+Kab%C4%B1+2+Par%C3%A7a,"{""room_or_use"": ""Mutfak"", ""variant_label"": ""2 Parça""}"
EVY029,Bambum Servis Tahtası 2 Parça,Bambum,Ev ve Ofis,ev_yasam_ofis_kirtasiye,https://www.cimri.com/arama?q=Bambum+Servis+Tahtas%C4%B1+2+Par%C3%A7a,"{""room_or_use"": ""Yatak Odası"", ""variant_label"": ""2 Parça""}"
EVY030,Bambum Baharatlık Seti 2 Parça,Bambum,Ev ve Ofis,ev_yasam_ofis_kirtasiye,https://www.cimri.com/arama?q=Bambum+Baharatl%C4%B1k+Seti+2+Par%C3%A7a,"{""room_or_use"": ""Banyo"", ""variant_label"": ""2 Parça""}"
EVY031,Karaca Retro Çaydanlık 4 Parça,Karaca,Ev ve Ofis,ev_yasam_ofis_kirtasiye,https://www.cimri.com/arama?q=Karaca+Retro+%C3%87aydanl%C4%B1k+4+Par%C3%A7a,"{""room_or_use"": ""Ofis"", ""variant_label"": ""4 Parça""}"
EVY032,Karaca Emaye Tencere Seti 4 Parça,Karaca,Ev ve Ofis,ev_yasam_ofis_kirtasiye,https://www.cimri.com/arama?q=Karaca+Emaye+Tencere+Seti+4+Par%C3%A7a,"{""room_or_use"": ""Mutfak"", ""variant_label"": ""4 Parça""}"
EVY033,Karaca Kahve Fincanı 4 Parça,Karaca,Ev ve Ofis,ev_yasam_ofis_kirtasiye,https://www.cimri.com/arama?q=Karaca+Kahve+Fincan%C4%B1+4+Par%C3%A7a,"{""room_or_use"": ""Yatak Odası"", ""variant_label"": ""4 Parça""}"
EVY034,English Home Pamuklu Nevresim 4 Parça,English Home,Ev ve Ofis,ev_yasam_ofis_kirtasiye,https://www.cimri.com/arama?q=English+Home+Pamuklu+Nevresim+4+Par%C3%A7a,"{""room_or_use"": ""Banyo"", ""variant_label"": ""4 Parça""}"
EVY035,English Home Banyo Havlusu 4 Parça,English Home,Ev ve Ofis,ev_yasam_ofis_kirtasiye,https://www.cimri.com/arama?q=English+Home+Banyo+Havlusu+4+Par%C3%A7a,"{""room_or_use"": ""Ofis"", ""variant_label"": ""4 Parça""}"
EVY036,English Home Masa Örtüsü 4 Parça,English Home,Ev ve Ofis,ev_yasam_ofis_kirtasiye,https://www.cimri.com/arama?q=English+Home+Masa+%C3%96rt%C3%BCs%C3%BC+4+Par%C3%A7a,"{""room_or_use"": ""Mutfak"", ""variant_label"": ""4 Parça""}"
EVY037,Faber Castell Kurşun Kalem Seti 4 Parça,Faber Castell,Ev ve Ofis,ev_yasam_ofis_kirtasiye,https://www.cimri.com/arama?q=Faber+Castell+Kur%C5%9Fun+Kalem+Seti+4+Par%C3%A7a,"{""room_or_use"": ""Yatak Odası"", ""variant_label"": ""4 Parça""}"
EVY038,Faber Castell Keçeli Kalem Seti 4 Parça,Faber Castell,Ev ve Ofis,ev_yasam_ofis_kirtasiye,https://www.cimri.com/arama?q=Faber+Castell+Ke%C3%A7eli+Kalem+Seti+4+Par%C3%A7a,"{""room_or_use"": ""Banyo"", ""variant_label"": ""4 Parça""}"
EVY039,Faber Castell Defter Seti 4 Parça,Faber Castell,Ev ve Ofis,ev_yasam_ofis_kirtasiye,https://www.cimri.com/arama?q=Faber+Castell+Defter+Seti+4+Par%C3%A7a,"{""room_or_use"": ""Ofis"", ""variant_label"": ""4 Parça""}"
EVY040,Tefal Granit Tava 4 Parça,Tefal,Ev ve Ofis,ev_yasam_ofis_kirtasiye,https://www.cimri.com/arama?q=Tefal+Granit+Tava+4+Par%C3%A7a,"{""room_or_use"": ""Mutfak"", ""variant_label"": ""4 Parça""}"
EVY041,Tefal Ütü Masası 4 Parça,Tefal,Ev ve Ofis,ev_yasam_ofis_kirtasiye,https://www.cimri.com/arama?q=Tefal+%C3%9Ct%C3%BC+Masas%C4%B1+4+Par%C3%A7a,"{""room_or_use"": ""Yatak Odası"", ""variant_label"": ""4 Parça""}"
EVY042,Tefal Düdüklü Tencere 4 Parça,Tefal,Ev ve Ofis,ev_yasam_ofis_kirtasiye,https://www.cimri.com/arama?q=Tefal+D%C3%BCd%C3%BCkl%C3%BC+Tencere+4+Par%C3%A7a,"{""room_or_use"": ""Banyo"", ""variant_label"": ""4 Parça""}"
EVY043,Bambum Bambu Saklama Kabı 4 Parça,Bambum,Ev ve Ofis,ev_yasam_ofis_kirtasiye,https://www.cimri.com/arama?q=Bambum+Bambu+Saklama+Kab%C4%B1+4+Par%C3%A7a,"{""room_or_use"": ""Ofis"", ""variant_label"": ""4 Parça""}"
EVY044,Bambum Servis Tahtası 4 Parça,Bambum,Ev ve Ofis,ev_yasam_ofis_kirtasiye,https://www.cimri.com/arama?q=Bambum+Servis+Tahtas%C4%B1+4+Par%C3%A7a,"{""room_or_use"": ""Mutfak"", ""variant_label"": ""4 Parça""}"
EVY045,Bambum Baharatlık Seti 4 Parça,Bambum,Ev ve Ofis,ev_yasam_ofis_kirtasiye,https://www.cimri.com/arama?q=Bambum+Baharatl%C4%B1k+Seti+4+Par%C3%A7a,"{""room_or_use"": ""Yatak Odası"", ""variant_label"": ""4 Parça""}"
EVY046,Karaca Retro Çaydanlık 6 Parça,Karaca,Ev ve Ofis,ev_yasam_ofis_kirtasiye,https://www.cimri.com/arama?q=Karaca+Retro+%C3%87aydanl%C4%B1k+6+Par%C3%A7a,"{""room_or_use"": ""Banyo"", ""variant_label"": ""6 Parça""}"
EVY047,Karaca Emaye Tencere Seti 6 Parça,Karaca,Ev ve Ofis,ev_yasam_ofis_kirtasiye,https://www.cimri.com/arama?q=Karaca+Emaye+Tencere+Seti+6+Par%C3%A7a,"{""room_or_use"": ""Ofis"", ""variant_label"": ""6 Parça""}"
EVY048,Karaca Kahve Fincanı 6 Parça,Karaca,Ev ve Ofis,ev_yasam_ofis_kirtasiye,https://www.cimri.com/arama?q=Karaca+Kahve+Fincan%C4%B1+6+Par%C3%A7a,"{""room_or_use"": ""Mutfak"", ""variant_label"": ""6 Parça""}"
EVY049,English Home Pamuklu Nevresim 6 Parça,English Home,Ev ve Ofis,ev_yasam_ofis_kirtasiye,https://www.cimri.com/arama?q=English+Home+Pamuklu+Nevresim+6+Par%C3%A7a,"{""room_or_use"": ""Yatak Odası"", ""variant_label"": ""6 Parça""}"
EVY050,English Home Banyo Havlusu 6 Parça,English Home,Ev ve Ofis,ev_yasam_ofis_kirtasiye,https://www.cimri.com/arama?q=English+Home+Banyo+Havlusu+6+Par%C3%A7a,"{""room_or_use"": ""Banyo"", ""variant_label"": ""6 Parça""}"
ABO001,Prima Aktif Bebek Bezi Küçük Boy,Prima,"Anne, Bebek ve Oyuncak",anne_bebek_oyuncak,https://www.cimri.com/arama?q=Prima+Aktif+Bebek+Bezi+K%C3%BC%C3%A7%C3%BCk+Boy,"{""age_range"": ""6-12 ay"", ""variant_label"": ""Küçük Boy""}"
ABO002,Prima Premium Care Bezi Küçük Boy,Prima,"Anne, Bebek ve Oyuncak",anne_bebek_oyuncak,https://www.cimri.com/arama?q=Prima+Premium+Care+Bezi+K%C3%BC%C3%A7%C3%BCk+Boy,"{""age_range"": ""1-3 yaş"", ""variant_label"": ""Küçük Boy""}"
ABO003,Prima Pants Külot Bez Küçük Boy,Prima,"Anne, Bebek ve Oyuncak",anne_bebek_oyuncak,https://www.cimri.com/arama?q=Prima+Pants+K%C3%BClot+Bez+K%C3%BC%C3%A7%C3%BCk+Boy,"{""age_range"": ""3-6 yaş"", ""variant_label"": ""Küçük Boy""}"
ABO004,Chicco Biberon Seti Küçük Boy,Chicco,"Anne, Bebek ve Oyuncak",anne_bebek_oyuncak,https://www.cimri.com/arama?q=Chicco+Biberon+Seti+K%C3%BC%C3%A7%C3%BCk+Boy,"{""age_range"": ""0-6 ay"", ""variant_label"": ""Küçük Boy""}"
ABO005,Chicco Oyun Halısı Küçük Boy,Chicco,"Anne, Bebek ve Oyuncak",anne_bebek_oyuncak,https://www.cimri.com/arama?q=Chicco+Oyun+Hal%C4%B1s%C4%B1+K%C3%BC%C3%A7%C3%BCk+Boy,"{""age_range"": ""6-12 ay"", ""variant_label"": ""Küçük Boy""}"
ABO006,Chicco Mama Sandalyesi Küçük Boy,Chicco,"Anne, Bebek ve Oyuncak",anne_bebek_oyuncak,https://www.cimri.com/arama?q=Chicco+Mama+Sandalyesi+K%C3%BC%C3%A7%C3%BCk+Boy,"{""age_range"": ""1-3 yaş"", ""variant_label"": ""Küçük Boy""}"
ABO007,Lego City İtfaiye Seti Küçük Boy,Lego,"Anne, Bebek ve Oyuncak",anne_bebek_oyuncak,https://www.cimri.com/arama?q=Lego+City+%C4%B0tfaiye+Seti+K%C3%BC%C3%A7%C3%BCk+Boy,"{""age_range"": ""3-6 yaş"", ""variant_label"": ""Küçük Boy""}"
ABO008,Lego Classic Yapım Kutusu Küçük Boy,Lego,"Anne, Bebek ve Oyuncak",anne_bebek_oyuncak,https://www.cimri.com/arama?q=Lego+Classic+Yap%C4%B1m+Kutusu+K%C3%BC%C3%A7%C3%BCk+Boy,"{""age_range"": ""0-6 ay"", ""variant_label"": ""Küçük Boy""}"
ABO009,Lego Duplo Tren Seti Küçük Boy,Lego,"Anne, Bebek ve Oyuncak",anne_bebek_oyuncak,https://www.cimri.com/arama?q=Lego+Duplo+Tren+Seti+K%C3%BC%C3%A7%C3%BCk+Boy,"{""age_range"": ""6-12 ay"", ""variant_label"": ""Küçük Boy""}"
ABO010,Pampers Sleep & Play Bezi Küçük Boy,Pampers,"Anne, Bebek ve Oyuncak",anne_bebek_oyuncak,https://www.cimri.com/arama?q=Pampers+Sleep+%26+Play+Bezi+K%C3%BC%C3%A7%C3%BCk+Boy,"{""age_range"": ""1-3 yaş"", ""variant_label"": ""Küçük Boy""}"
ABO011,Pampers Islak Mendil Küçük Boy,Pampers,"Anne, Bebek ve Oyuncak",anne_bebek_oyuncak,https://www.cimri.com/arama?q=Pampers+Islak+Mendil+K%C3%BC%C3%A7%C3%BCk+Boy,"{""age_range"": ""3-6 yaş"", ""variant_label"": ""Küçük Boy""}"
ABO012,Pampers Yeni Bebek Bezi Küçük Boy,Pampers,"Anne, Bebek ve Oyuncak",anne_bebek_oyuncak,https://www.cimri.com/arama?q=Pampers+Yeni+Bebek+Bezi+K%C3%BC%C3%A7%C3%BCk+Boy,"{""age_range"": ""0-6 ay"", ""variant_label"": ""Küçük Boy""}"
ABO013,Fisher Price Müzikli Oyuncak Küçük Boy,Fisher Price,"Anne, Bebek ve Oyuncak",anne_bebek_oyuncak,https://www.cimri.com/arama?q=Fisher+Price+M%C3%BCzikli+Oyuncak+K%C3%BC%C3%A7%C3%BCk+Boy,"{""age_range"": ""6-12 ay"", ""variant_label"": ""Küçük Boy""}"
ABO014,Fisher Price Aktivite Küpü Küçük Boy,Fisher Price,"Anne, Bebek ve Oyuncak",anne_bebek_oyuncak,https://www.cimri.com/arama?q=Fisher+Price+Aktivite+K%C3%BCp%C3%BC+K%C3%BC%C3%A7%C3%BCk+Boy,"{""age_range"": ""1-3 yaş"", ""variant_label"": ""Küçük Boy""}"
ABO015,Fisher Price Zıpzıp At Küçük Boy,Fisher Price,"Anne, Bebek ve Oyuncak",anne_bebek_oyuncak,https://www.cimri.com/arama?q=Fisher+Price+Z%C4%B1pz%C4%B1p+At+K%C3%BC%C3%A7%C3%BCk+Boy,"{""age_range"": ""3-6 yaş"", ""variant_label"": ""Küçük Boy""}"
ABO016,Prima Aktif Bebek Bezi Orta Boy,Prima,"Anne, Bebek ve Oyuncak",anne_bebek_oyuncak,https://www.cimri.com/arama?q=Prima+Aktif+Bebek+Bezi+Orta+Boy,"{""age_range"": ""0-6 ay"", ""variant_label"": ""Orta Boy""}"
ABO017,Prima Premium Care Bezi Orta Boy,Prima,"Anne, Bebek ve Oyuncak",anne_bebek_oyuncak,https://www.cimri.com/arama?q=Prima+Premium+Care+Bezi+Orta+Boy,"{""age_range"": ""6-12 ay"", ""variant_label"": ""Orta Boy""}"
ABO018,Prima Pants Külot Bez Orta Boy,Prima,"Anne, Bebek ve Oyuncak",anne_bebek_oyuncak,https://www.cimri.com/arama?q=Prima+Pants+K%C3%BClot+Bez+Orta+Boy,"{""age_range"": ""1-3 yaş"", ""variant_label"": ""Orta Boy""}"
ABO019,Chicco Biberon Seti Orta Boy,Chicco,"Anne, Bebek ve Oyuncak",anne_bebek_oyuncak,https://www.cimri.com/arama?q=Chicco+Biberon+Seti+Orta+Boy,"{""age_range"": ""3-6 yaş"", ""variant_label"": ""Orta Boy""}"
ABO020,Chicco Oyun Halısı Orta Boy,Chicco,"Anne, Bebek ve Oyuncak",anne_bebek_oyuncak,https://www.cimri.com/arama?q=Chicco+Oyun+Hal%C4%B1s%C4%B1+Orta+Boy,"{""age_range"": ""0-6 ay"", ""variant_label"": ""Orta Boy""}"
ABO021,Chicco Mama Sandalyesi Orta Boy,Chicco,"Anne, Bebek ve Oyuncak",anne_bebek_oyuncak,https://www.cimri.com/arama?q=Chicco+Mama+Sandalyesi+Orta+Boy,"{""age_range"": ""6-12 ay"", ""variant_label"": ""Orta Boy""}"
ABO022,Lego City İtfaiye Seti Orta Boy,Lego,"Anne, Bebek ve Oyuncak",anne_bebek_oyuncak,https://www.cimri.com/arama?q=Lego+City+%C4%B0tfaiye+Seti+Orta+Boy,"{""age_range"": ""1-3 yaş"", ""variant_label"": ""Orta Boy""}"
ABO023,Lego Classic Yapım Kutusu Orta Boy,Lego,"Anne, Bebek ve Oyuncak",anne_bebek_oyuncak,https://www.cimri.com/arama?q=Lego+Classic+Yap%C4%B1m+Kutusu+Orta+Boy,"{""age_range"": ""3-6 yaş"", ""variant_label"": ""Orta Boy""}"
ABO024,Lego Duplo Tren Seti Orta Boy,Lego,"Anne, Bebek ve Oyuncak",anne_bebek_oyuncak,https://www.cimri.com/arama?q=Lego+Duplo+Tren+Seti+Orta+Boy,"{""age_range"": ""0-6 ay"", ""variant_label"": ""Orta Boy""}"
ABO025,Pampers Sleep & Play Bezi Orta Boy,Pampers,"Anne, Bebek ve Oyuncak",anne_bebek_oyuncak,https://www.cimri.com/arama?q=Pampers+Sleep+%26+Play+Bezi+Orta+Boy,"{""age_range"": ""6-12 ay"", ""variant_label"": ""Orta Boy""}"
ABO026,Pampers Islak Mendil Orta Boy,Pampers,"Anne, Bebek ve Oyuncak",anne_bebek_oyuncak,https://www.cimri.com/arama?q=Pampers+Islak+Mendil+Orta+Boy,"{""age_range"": ""1-3 yaş"", ""variant_label"": ""Orta Boy""}"
ABO027,Pampers Yeni Bebek Bezi Orta Boy,Pampers,"Anne, Bebek ve Oyuncak",anne_bebek_oyuncak,https://www.cimri.com/arama?q=Pampers+Yeni+Bebek+Bezi+Orta+Boy,"{""age_range"": ""3-6 yaş"", ""variant_label"": ""Orta Boy""}"
ABO028,Fisher Price Müzikli Oyuncak Orta Boy,Fisher Price,"Anne, Bebek ve Oyuncak",anne_bebek_oyuncak,https://www.cimri.com/arama?q=Fisher+Price+M%C3%BCzikli+Oyuncak+Orta+Boy,"{""age_range"": ""0-6 ay"", ""variant_label"": ""Orta Boy""}"
ABO029,Fisher Price Aktivite Küpü Orta Boy,Fisher Price,"Anne, Bebek ve Oyuncak",anne_bebek_oyuncak,https://www.cimri.com/arama?q=Fisher+Price+Aktivite+K%C3%BCp%C3%BC+Orta+Boy,"{""age_range"": ""6-12 ay"", ""variant_label"": ""Orta Boy""}"
ABO030,Fisher Price Zıpzıp At Orta Boy,Fisher Price,"Anne, Bebek ve Oyuncak",anne_bebek_oyuncak,https://www.cimri.com/arama?q=Fisher+Price+Z%C4%B1pz%C4%B1p+At+Orta+Boy,"{""age_range"": ""1-3 yaş"", ""variant_label"": ""Orta Boy""}"
ABO031,Prima Aktif Bebek Bezi Büyük Boy,Prima,"Anne, Bebek ve Oyuncak",anne_bebek_oyuncak,https://www.cimri.com/arama?q=Prima+Aktif+Bebek+Bezi+B%C3%BCy%C3%BCk+Boy,"{""age_range"": ""3-6 yaş"", ""variant_label"": ""Büyük Boy""}"
ABO032,Prima Premium Care Bezi Büyük Boy,Prima,"Anne, Bebek ve Oyuncak",anne_bebek_oyuncak,https://www.cimri.com/arama?q=Prima+Premium+Care+Bezi+B%C3%BCy%C3%BCk+Boy,"{""age_range"": ""0-6 ay"", ""variant_label"": ""Büyük Boy""}"
ABO033,Prima Pants Külot Bez Büyük Boy,Prima,"Anne, Bebek ve Oyuncak",anne_bebek_oyuncak,https://www.cimri.com/arama?q=Prima+Pants+K%C3%BClot+Bez+B%C3%BCy%C3%BCk+Boy,"{""age_range"": ""6-12 ay"", ""variant_label"": ""Büyük Boy""}"
ABO034,Chicco Biberon Seti Büyük Boy,Chicco,"Anne, Bebek ve Oyuncak",anne_bebek_oyuncak,https://www.cimri.com/arama?q=Chicco+Biberon+Seti+B%C3%BCy%C3%BCk+Boy,"{""age_range"": ""1-3 yaş"", ""variant_label"": ""Büyük Boy""}"
ABO035,Chicco Oyun Halısı Büyük Boy,Chicco,"Anne, Bebek ve Oyuncak",anne_bebek_oyuncak,https://www.cimri.com/arama?q=Chicco+Oyun+Hal%C4%B1s%C4%B1+B%C3%BCy%C3%BCk+Boy,"{""age_range"": ""3-6 yaş"", ""variant_label"": ""Büyük Boy""}"
ABO036,Chicco Mama Sandalyesi Büyük Boy,Chicco,"Anne, Bebek ve Oyuncak",anne_bebek_oyuncak,https://www.cimri.com/arama?q=Chicco+Mama+Sandalyesi+B%C3%BCy%C3%BCk+Boy,"{""age_range"": ""0-6 ay"", ""variant_label"": ""Büyük Boy""}"
ABO037,Lego City İtfaiye Seti Büyük Boy,Lego,"Anne, Bebek ve Oyuncak",anne_bebek_oyuncak,https://www.cimri.com/arama?q=Lego+City+%C4%B0tfaiye+Seti+B%C3%BCy%C3%BCk+Boy,"{""age_range"": ""6-12 ay"", ""variant_label"": ""Büyük Boy""}"
ABO038,Lego Classic Yapım Kutusu Büyük Boy,Lego,"Anne, Bebek ve Oyuncak",anne_bebek_oyuncak,https://www.cimri.com/arama?q=Lego+Classic+Yap%C4%B1m+Kutusu+B%C3%BCy%C3%BCk+Boy,"{""age_range"": ""1-3 yaş"", ""variant_label"": ""Büyük Boy""}"
ABO039,Lego Duplo Tren Seti Büyük Boy,Lego,"Anne, Bebek ve Oyuncak",anne_bebek_oyuncak,https://www.cimri.com/arama?q=Lego+Duplo+Tren+Seti+B%C3%BCy%C3%BCk+Boy,"{""age_range"": ""3-6 yaş"", ""variant_label"": ""Büyük Boy""}"
ABO040,Pampers Sleep & Play Bezi Büyük Boy,Pampers,"Anne, Bebek ve Oyuncak",anne_bebek_oyuncak,https://www.cimri.com/arama?q=Pampers+Sleep+%26+Play+Bezi+B%C3%BCy%C3%BCk+Boy,"{""age_range"": ""0-6 ay"", ""variant_label"": ""Büyük Boy""}"
ABO041,Pampers Islak Mendil Büyük Boy,Pampers,"Anne, Bebek ve Oyuncak",anne_bebek_oyuncak,https://www.cimri.com/arama?q=Pampers+Islak+Mendil+B%C3%BCy%C3%BCk+Boy,"{""age_range"": ""6-12 ay"", ""variant_label"": ""Büyük Boy""}"
ABO042,Pampers Yeni Bebek Bezi Büyük Boy,Pampers,"Anne, Bebek ve Oyuncak",anne_bebek_oyuncak,https://www.cimri.com/arama?q=Pampers+Yeni+Bebek+Bezi+B%C3%BCy%C3%BCk+Boy,"{""age_range"": ""1-3 yaş"", ""variant_label"": ""Büyük Boy""}"
ABO043,Fisher Price Müzikli Oyuncak Büyük Boy,Fisher Price,"Anne, Bebek ve Oyuncak",anne_bebek_oyuncak,https://www.cimri.com/arama?q=Fisher+Price+M%C3%BCzikli+Oyuncak+B%C3%BCy%C3%BCk+Boy,"{""age_range"": ""3-6 yaş"", ""variant_label"": ""Büyük Boy""}"
ABO044,Fisher Price Aktivite Küpü Büyük Boy,Fisher Price,"Anne, Bebek ve Oyuncak",anne_bebek_oyuncak,https://www.cimri.com/arama?q=Fisher+Price+Aktivite+K%C3%BCp%C3%BC+B%C3%BCy%C3%BCk+Boy,"{""age_range"": ""0-6 ay"", ""variant_label"": ""Büyük Boy""}"
ABO045,Fisher Price Zıpzıp At Büyük Boy,Fisher Price,"Anne, Bebek ve Oyuncak",anne_bebek_oyuncak,https://www.cimri.com/arama?q=Fisher+Price+Z%C4%B1pz%C4%B1p+At+B%C3%BCy%C3%BCk+Boy,"{""age_range"": ""6-12 ay"", ""variant_label"": ""Büyük Boy""}"
ABO046,Prima Aktif Bebek Bezi Ekonomik Paket,Prima,"Anne, Bebek ve Oyuncak",anne_bebek_oyuncak,https://www.cimri.com/arama?q=Prima+Aktif+Bebek+Bezi+Ekonomik+Paket,"{""age_range"": ""1-3 yaş"", ""variant_label"": ""Ekonomik Paket""}"
ABO047,Prima Premium Care Bezi Ekonomik Paket,Prima,"Anne, Bebek ve Oyuncak",anne_bebek_oyuncak,https://www.cimri.com/arama?q=Prima+Premium+Care+Bezi+Ekonomik+Paket,"{""age_range"": ""3-6 yaş"", ""variant_label"": ""Ekonomik Paket""}"
ABO048,Prima Pants Külot Bez Ekonomik Paket,Prima,"Anne, Bebek ve Oyuncak",anne_bebek_oyuncak,https://www.cimri.com/arama?q=Prima+Pants+K%C3%BClot+Bez+Ekonomik+Paket,"{""age_range"": ""0-6 ay"", ""variant_label"": ""Ekonomik Paket""}"
ABO049,Chicco Biberon Seti Ekonomik Paket,Chicco,"Anne, Bebek ve Oyuncak",anne_bebek_oyuncak,https://www.cimri.com/arama?q=Chicco+Biberon+Seti+Ekonomik+Paket,"{""age_range"": ""6-12 ay"", ""variant_label"": ""Ekonomik Paket""}"
ABO050,Chicco Oyun Halısı Ekonomik Paket,Chicco,"Anne, Bebek ve Oyuncak",anne_bebek_oyuncak,https://www.cimri.com/arama?q=Chicco+Oyun+Hal%C4%B1s%C4%B1+Ekonomik+Paket,"{""age_range"": ""1-3 yaş"", ""variant_label"": ""Ekonomik Paket""}"
SMT001,Casio G-Shock Kol Saati 38 Numara,Casio,"Saat, Moda ve Aksesuar",saat_moda_taki_ayakkabi,https://www.cimri.com/arama?q=Casio+G-Shock+Kol+Saati+38+Numara,"{""color"": ""Beyaz"", ""size_label"": ""38 Numara"", ""variant_label"": ""38 Numara""}"
SMT002,Casio Vintage Kol Saati 38 Numara,Casio,"Saat, Moda ve Aksesuar",saat_moda_taki_ayakkabi,https://www.cimri.com/arama?q=Casio+Vintage+Kol+Saati+38+Numara,"{""color"": ""Lacivert"", ""size_label"": ""38 Numara"", ""variant_label"": ""38 Numara""}"
SMT003,Casio Edifice Kol Saati 38 Numara,Casio,"Saat, Moda ve Aksesuar",saat_moda_taki_ayakkabi,https://www.cimri.com/arama?q=Casio+Edifice+Kol+Saati+38+Numara,"{""color"": ""Bordo"", ""size_label"": ""38 Numara"", ""variant_label"": ""38 Numara""}"
SMT004,Nike Air Max Spor Ayakkabı 38 Numara,Nike,"Saat, Moda ve Aksesuar",saat_moda_taki_ayakkabi,https://www.cimri.com/arama?q=Nike+Air+Max+Spor+Ayakkab%C4%B1+38+Numara,"{""color"": ""Siyah"", ""size_label"": ""38 Numara"", ""variant_label"": ""38 Numara""}"
SMT005,Nike Revolution Koşu Ayakkabısı 38 Numara,Nike,"Saat, Moda ve Aksesuar",saat_moda_taki_ayakkabi,https://www.cimri.com/arama?q=Nike+Revolution+Ko%C5%9Fu+Ayakkab%C4%B1s%C4%B1+38+Numara,"{""color"": ""Beyaz"", ""size_label"": ""38 Numara"", ""variant_label"": ""38 Numara""}"
SMT006,Nike Court Sneaker 38 Numara,Nike,"Saat, Moda ve Aksesuar",saat_moda_taki_ayakkabi,https://www.cimri.com/arama?q=Nike+Court+Sneaker+38+Numara,"{""color"": ""Lacivert"", ""size_label"": ""38 Numara"", ""variant_label"": ""38 Numara""}"
SMT007,Adidas Samba Sneaker 38 Numara,Adidas,"Saat, Moda ve Aksesuar",saat_moda_taki_ayakkabi,https://www.cimri.com/arama?q=Adidas+Samba+Sneaker+38+Numara,"{""color"": ""Bordo"", ""size_label"": ""38 Numara"", ""variant_label"": ""38 Numara""}"
SMT008,Adidas Duramo Ayakkabı 38 Numara,Adidas,"Saat, Moda ve Aksesuar",saat_moda_taki_ayakkabi,https://www.cimri.com/arama?q=Adidas+Duramo+Ayakkab%C4%B1+38+Numara,"{""color"": ""Siyah"", ""size_label"": ""38 Numara"", ""variant_label"": ""38 Numara""}"
SMT009,Adidas Gazelle Sneaker 38 Numara,Adidas,"Saat, Moda ve Aksesuar",saat_moda_taki_ayakkabi,https://www.cimri.com/arama?q=Adidas+Gazelle+Sneaker+38+Numara,"{""color"": ""Beyaz"", ""size_label"": ""38 Numara"", ""variant_label"": ""38 Numara""}"
SMT010,LC Waikiki Slim Fit Gömlek 38 Numara,LC Waikiki,"Saat, Moda ve Aksesuar",saat_moda_taki_ayakkabi,https://www.cimri.com/arama?q=LC+Waikiki+Slim+Fit+G%C3%B6mlek+38+Numara,"{""color"": ""Lacivert"", ""size_label"": ""38 Numara"", ""variant_label"": ""38 Numara""}"
SMT011,LC Waikiki Basic Tişört 38 Numara,LC Waikiki,"Saat, Moda ve Aksesuar",saat_moda_taki_ayakkabi,https://www.cimri.com/arama?q=LC+Waikiki+Basic+Ti%C5%9F%C3%B6rt+38+Numara,"{""color"": ""Bordo"", ""size_label"": ""38 Numara"", ""variant_label"": ""38 Numara""}"
SMT012,LC Waikiki Kot Pantolon 38 Numara,LC Waikiki,"Saat, Moda ve Aksesuar",saat_moda_taki_ayakkabi,https://www.cimri.com/arama?q=LC+Waikiki+Kot+Pantolon+38+Numara,"{""color"": ""Siyah"", ""size_label"": ""38 Numara"", ""variant_label"": ""38 Numara""}"
SMT013,Atasay Altın Kolye 38 Numara,Atasay,"Saat, Moda ve Aksesuar",saat_moda_taki_ayakkabi,https://www.cimri.com/arama?q=Atasay+Alt%C4%B1n+Kolye+38+Numara,"{""color"": ""Beyaz"", ""size_label"": ""38 Numara"", ""variant_label"": ""38 Numara""}"
SMT014,Atasay Gümüş Bileklik 38 Numara,Atasay,"Saat, Moda ve Aksesuar",saat_moda_taki_ayakkabi,https://www.cimri.com/arama?q=Atasay+G%C3%BCm%C3%BC%C5%9F+Bileklik+38+Numara,"{""color"": ""Lacivert"", ""size_label"": ""38 Numara"", ""variant_label"": ""38 Numara""}"
SMT015,Atasay Pırlanta Yüzük 38 Numara,Atasay,"Saat, Moda ve Aksesuar",saat_moda_taki_ayakkabi,https://www.cimri.com/arama?q=Atasay+P%C4%B1rlanta+Y%C3%BCz%C3%BCk+38+Numara,"{""color"": ""Bordo"", ""size_label"": ""38 Numara"", ""variant_label"": ""38 Numara""}"
SMT016,Casio G-Shock Kol Saati 40 Numara,Casio,"Saat, Moda ve Aksesuar",saat_moda_taki_ayakkabi,https://www.cimri.com/arama?q=Casio+G-Shock+Kol+Saati+40+Numara,"{""color"": ""Siyah"", ""size_label"": ""40 Numara"", ""variant_label"": ""40 Numara""}"
SMT017,Casio Vintage Kol Saati 40 Numara,Casio,"Saat, Moda ve Aksesuar",saat_moda_taki_ayakkabi,https://www.cimri.com/arama?q=Casio+Vintage+Kol+Saati+40+Numara,"{""color"": ""Beyaz"", ""size_label"": ""40 Numara"", ""variant_label"": ""40 Numara""}"
SMT018,Casio Edifice Kol Saati 40 Numara,Casio,"Saat, Moda ve Aksesuar",saat_moda_taki_ayakkabi,https://www.cimri.com/arama?q=Casio+Edifice+Kol+Saati+40+Numara,"{""color"": ""Lacivert"", ""size_label"": ""40 Numara"", ""variant_label"": ""40 Numara""}"
SMT019,Nike Air Max Spor Ayakkabı 40 Numara,Nike,"Saat, Moda ve Aksesuar",saat_moda_taki_ayakkabi,https://www.cimri.com/arama?q=Nike+Air+Max+Spor+Ayakkab%C4%B1+40+Numara,"{""color"": ""Bordo"", ""size_label"": ""40 Numara"", ""variant_label"": ""40 Numara""}"
SMT020,Nike Revolution Koşu Ayakkabısı 40 Numara,Nike,"Saat, Moda ve Aksesuar",saat_moda_taki_ayakkabi,https://www.cimri.com/arama?q=Nike+Revolution+Ko%C5%9Fu+Ayakkab%C4%B1s%C4%B1+40+Numara,"{""color"": ""Siyah"", ""size_label"": ""40 Numara"", ""variant_label"": ""40 Numara""}"
SMT021,Nike Court Sneaker 40 Numara,Nike,"Saat, Moda ve Aksesuar",saat_moda_taki_ayakkabi,https://www.cimri.com/arama?q=Nike+Court+Sneaker+40+Numara,"{""color"": ""Beyaz"", ""size_label"": ""40 Numara"", ""variant_label"": ""40 Numara""}"
SMT022,Adidas Samba Sneaker 40 Numara,Adidas,"Saat, Moda ve Aksesuar",saat_moda_taki_ayakkabi,https://www.cimri.com/arama?q=Adidas+Samba+Sneaker+40+Numara,"{""color"": ""Lacivert"", ""size_label"": ""40 Numara"", ""variant_label"": ""40 Numara""}"
SMT023,Adidas Duramo Ayakkabı 40 Numara,Adidas,"Saat, Moda ve Aksesuar",saat_moda_taki_ayakkabi,https://www.cimri.com/arama?q=Adidas+Duramo+Ayakkab%C4%B1+40+Numara,"{""color"": ""Bordo"", ""size_label"": ""40 Numara"", ""variant_label"": ""40 Numara""}"
SMT024,Adidas Gazelle Sneaker 40 Numara,Adidas,"Saat, Moda ve Aksesuar",saat_moda_taki_ayakkabi,https://www.cimri.com/arama?q=Adidas+Gazelle+Sneaker+40+Numara,"{""color"": ""Siyah"", ""size_label"": ""40 Numara"", ""variant_label"": ""40 Numara""}"
SMT025,LC Waikiki Slim Fit Gömlek 40 Numara,LC Waikiki,"Saat, Moda ve Aksesuar",saat_moda_taki_ayakkabi,https://www.cimri.com/arama?q=LC+Waikiki+Slim+Fit+G%C3%B6mlek+40+Numara,"{""color"": ""Beyaz"", ""size_label"": ""40 Numara"", ""variant_label"": ""40 Numara""}"
SMT026,LC Waikiki Basic Tişört 40 Numara,LC Waikiki,"Saat, Moda ve Aksesuar",saat_moda_taki_ayakkabi,https://www.cimri.com/arama?q=LC+Waikiki+Basic+Ti%C5%9F%C3%B6rt+40+Numara,"{""color"": ""Lacivert"", ""size_label"": ""40 Numara"", ""variant_label"": ""40 Numara""}"
SMT027,LC Waikiki Kot Pantolon 40 Numara,LC Waikiki,"Saat, Moda ve Aksesuar",saat_moda_taki_ayakkabi,https://www.cimri.com/arama?q=LC+Waikiki+Kot+Pantolon+40+Numara,"{""color"": ""Bordo"", ""size_label"": ""40 Numara"", ""variant_label"": ""40 Numara""}"
SMT028,Atasay Altın Kolye 40 Numara,Atasay,"Saat, Moda ve Aksesuar",saat_moda_taki_ayakkabi,https://www.cimri.com/arama?q=Atasay+Alt%C4%B1n+Kolye+40+Numara,"{""color"": ""Siyah"", ""size_label"": ""40 Numara"", ""variant_label"": ""40 Numara""}"
SMT029,Atasay Gümüş Bileklik 40 Numara,Atasay,"Saat, Moda ve Aksesuar",saat_moda_taki_ayakkabi,https://www.cimri.com/arama?q=Atasay+G%C3%BCm%C3%BC%C5%9F+Bileklik+40+Numara,"{""color"": ""Beyaz"", ""size_label"": ""40 Numara"", ""variant_label"": ""40 Numara""}"
SMT030,Atasay Pırlanta Yüzük 40 Numara,Atasay,"Saat, Moda ve Aksesuar",saat_moda_taki_ayakkabi,https://www.cimri.com/arama?q=Atasay+P%C4%B1rlanta+Y%C3%BCz%C3%BCk+40+Numara,"{""color"": ""Lacivert"", ""size_label"": ""40 Numara"", ""variant_label"": ""40 Numara""}"
SMT031,Casio G-Shock Kol Saati 42 Numara,Casio,"Saat, Moda ve Aksesuar",saat_moda_taki_ayakkabi,https://www.cimri.com/arama?q=Casio+G-Shock+Kol+Saati+42+Numara,"{""color"": ""Bordo"", ""size_label"": ""42 Numara"", ""variant_label"": ""42 Numara""}"
SMT032,Casio Vintage Kol Saati 42 Numara,Casio,"Saat, Moda ve Aksesuar",saat_moda_taki_ayakkabi,https://www.cimri.com/arama?q=Casio+Vintage+Kol+Saati+42+Numara,"{""color"": ""Siyah"", ""size_label"": ""42 Numara"", ""variant_label"": ""42 Numara""}"
SMT033,Casio Edifice Kol Saati 42 Numara,Casio,"Saat, Moda ve Aksesuar",saat_moda_taki_ayakkabi,https://www.cimri.com/arama?q=Casio+Edifice+Kol+Saati+42+Numara,"{""color"": ""Beyaz"", ""size_label"": ""42 Numara"", ""variant_label"": ""42 Numara""}"
SMT034,Nike Air Max Spor Ayakkabı 42 Numara,Nike,"Saat, Moda ve Aksesuar",saat_moda_taki_ayakkabi,https://www.cimri.com/arama?q=Nike+Air+Max+Spor+Ayakkab%C4%B1+42+Numara,"{""color"": ""Lacivert"", ""size_label"": ""42 Numara"", ""variant_label"": ""42 Numara""}"
SMT035,Nike Revolution Koşu Ayakkabısı 42 Numara,Nike,"Saat, Moda ve Aksesuar",saat_moda_taki_ayakkabi,https://www.cimri.com/arama?q=Nike+Revolution+Ko%C5%9Fu+Ayakkab%C4%B1s%C4%B1+42+Numara,"{""color"": ""Bordo"", ""size_label"": ""42 Numara"", ""variant_label"": ""42 Numara""}"
SMT036,Nike Court Sneaker 42 Numara,Nike,"Saat, Moda ve Aksesuar",saat_moda_taki_ayakkabi,https://www.cimri.com/arama?q=Nike+Court+Sneaker+42+Numara,"{""color"": ""Siyah"", ""size_label"": ""42 Numara"", ""variant_label"": ""42 Numara""}"
SMT037,Adidas Samba Sneaker 42 Numara,Adidas,"Saat, Moda ve Aksesuar",saat_moda_taki_ayakkabi,https://www.cimri.com/arama?q=Adidas+Samba+Sneaker+42+Numara,"{""color"": ""Beyaz"", ""size_label"": ""42 Numara"", ""variant_label"": ""42 Numara""}"
SMT038,Adidas Duramo Ayakkabı 42 Numara,Adidas,"Saat, Moda ve Aksesuar",saat_moda_taki_ayakkabi,https://www.cimri.com/arama?q=Adidas+Duramo+Ayakkab%C4%B1+42+Numara,"{""color"": ""Lacivert"", ""size_label"": ""42 Numara"", ""variant_label"": ""42 Numara""}"
SMT039,Adidas Gazelle Sneaker 42 Numara,Adidas,"Saat, Moda ve Aksesuar",saat_moda_taki_ayakkabi,https://www.cimri.com/arama?q=Adidas+Gazelle+Sneaker+42+Numara,"{""color"": ""Bordo"", ""size_label"": ""42 Numara"", ""variant_label"": ""42 Numara""}"
SMT040,LC Waikiki Slim Fit Gömlek 42 Numara,LC Waikiki,"Saat, Moda ve Aksesuar",saat_moda_taki_ayakkabi,https://www.cimri.com/arama?q=LC+Waikiki+Slim+Fit+G%C3%B6mlek+42+Numara,"{""color"": ""Siyah"", ""size_label"": ""42 Numara"", ""variant_label"": ""42 Numara""}"
SMT041,LC Waikiki Basic Tişört 42 Numara,LC Waikiki,"Saat, Moda ve Aksesuar",saat_moda_taki_ayakkabi,https://www.cimri.com/arama?q=LC+Waikiki+Basic+Ti%C5%9F%C3%B6rt+42+Numara,"{""color"": ""Beyaz"", ""size_label"": ""42 Numara"", ""variant_label"": ""42 Numara""}"
SMT042,LC Waikiki Kot Pantolon 42 Numara,LC Waikiki,"Saat, Moda ve Aksesuar",saat_moda_taki_ayakkabi,https://www.cimri.com/arama?q=LC+Waikiki+Kot+Pantolon+42+Numara,"{""color"": ""Lacivert"", ""size_label"": ""42 Numara"", ""variant_label"": ""42 Numara""}"
SMT043,Atasay Altın Kolye 42 Numara,Atasay,"Saat, Moda ve Aksesuar",saat_moda_taki_ayakkabi,https://www.cimri.com/arama?q=Atasay+Alt%C4%B1n+Kolye+42+Numara,"{""color"": ""Bordo"", ""size_label"": ""42 Numara"", ""variant_label"": ""42 Numara""}"
SMT044,Atasay Gümüş Bileklik 42 Numara,Atasay,"Saat, Moda ve Aksesuar",saat_moda_taki_ayakkabi,https://www.cimri.com/arama?q=Atasay+G%C3%BCm%C3%BC%C5%9F+Bileklik+42+Numara,"{""color"": ""Siyah"", ""size_label"": ""42 Numara"", ""variant_label"": ""42 Numara""}"
SMT045,Atasay Pırlanta Yüzük 42 Numara,Atasay,"Saat, Moda ve Aksesuar",saat_moda_taki_ayakkabi,https://www.cimri.com/arama?q=Atasay+P%C4%B1rlanta+Y%C3%BCz%C3%BCk+42+Numara,"{""color"": ""Beyaz"", ""size_label"": ""42 Numara"", ""variant_label"": ""42 Numara""}"
SMT046,Casio G-Shock Kol Saati 44 Numara,Casio,"Saat, Moda ve Aksesuar",saat_moda_taki_ayakkabi,https://www.cimri.com/arama?q=Casio+G-Shock+Kol+Saati+44+Numara,"{""color"": ""Lacivert"", ""size_label"": ""44 Numara"", ""variant_label"": ""44 Numara""}"
SMT047,Casio Vintage Kol Saati 44 Numara,Casio,"Saat, Moda ve Aksesuar",saat_moda_taki_ayakkabi,https://www.cimri.com/arama?q=Casio+Vintage+Kol+Saati+44+Numara,"{""color"": ""Bordo"", ""size_label"": ""44 Numara"", ""variant_label"": ""44 Numara""}"
SMT048,Casio Edifice Kol Saati 44 Numara,Casio,"Saat, Moda ve Aksesuar",saat_moda_taki_ayakkabi,https://www.cimri.com/arama?q=Casio+Edifice+Kol+Saati+44+Numara,"{""color"": ""Siyah"", ""size_label"": ""44 Numara"", ""variant_label"": ""44 Numara""}"
SMT049,Nike Air Max Spor Ayakkabı 44 Numara,Nike,"Saat, Moda ve Aksesuar",saat_moda_taki_ayakkabi,https://www.cimri.com/arama?q=Nike+Air+Max+Spor+Ayakkab%C4%B1+44+Numara,"{""color"": ""Beyaz"", ""size_label"": ""44 Numara"", ""variant_label"": ""44 Numara""}"
SMT050,Nike Revolution Koşu Ayakkabısı 44 Numara,Nike,"Saat, Moda ve Aksesuar",saat_moda_taki_ayakkabi,https://www.cimri.com/arama?q=Nike+Revolution+Ko%C5%9Fu+Ayakkab%C4%B1s%C4%B1+44+Numara,"{""color"": ""Lacivert"", ""size_label"": ""44 Numara"", ""variant_label"": ""44 Numara""}"
KMH001,Yapı Kredi Yayınları Tutunamayanlar Ciltli,Yapı Kredi Yayınları,"Kitap, Müzik ve Hobi",kitap_muzik_hobi,https://www.cimri.com/arama?q=Yap%C4%B1+Kredi+Yay%C4%B1nlar%C4%B1+Tutunamayanlar+Ciltli,"{""creator"": ""Yapı Kredi Yayınları"", ""variant_label"": ""Ciltli""}"
KMH002,Yapı Kredi Yayınları Saatleri Ayarlama Enstitüsü Ciltli,Yapı Kredi Yayınları,"Kitap, Müzik ve Hobi",kitap_muzik_hobi,https://www.cimri.com/arama?q=Yap%C4%B1+Kredi+Yay%C4%B1nlar%C4%B1+Saatleri+Ayarlama+Enstit%C3%BCs%C3%BC+Ciltli,"{""creator"": ""Yapı Kredi Yayınları"", ""variant_label"": ""Ciltli""}"
KMH003,Yapı Kredi Yayınları Kürk Mantolu Madonna Ciltli,Yapı Kredi Yayınları,"Kitap, Müzik ve Hobi",kitap_muzik_hobi,https://www.cimri.com/arama?q=Yap%C4%B1+Kredi+Yay%C4%B1nlar%C4%B1+K%C3%BCrk+Mantolu+Madonna+Ciltli,"{""creator"": ""Yapı Kredi Yayınları"", ""variant_label"": ""Ciltli""}"
KMH004,İş Bankası Kültür Yayınları Suç ve Ceza Ciltli,İş Bankası Kültür Yayınları,"Kitap, Müzik ve Hobi",kitap_muzik_hobi,https://www.cimri.com/arama?q=%C4%B0%C5%9F+Bankas%C4%B1+K%C3%BClt%C3%BCr+Yay%C4%B1nlar%C4%B1+Su%C3%A7+ve+Ceza+Ciltli,"{""creator"": ""İş Bankası Kültür Yayınları"", ""variant_label"": ""Ciltli""}"
KMH005,İş Bankası Kültür Yayınları Sefiller Ciltli,İş Bankası Kültür Yayınları,"Kitap, Müzik ve Hobi",kitap_muzik_hobi,https://www.cimri.com/arama?q=%C4%B0%C5%9F+Bankas%C4%B1+K%C3%BClt%C3%BCr+Yay%C4%B1nlar%C4%B1+Sefiller+Ciltli,"{""creator"": ""İş Bankası Kültür Yayınları"", ""variant_label"": ""Ciltli""}"
KMH006,İş Bankası Kültür Yayınları Dönüşüm Ciltli,İş Bankası Kültür Yayınları,"Kitap, Müzik ve Hobi",kitap_muzik_hobi,https://www.cimri.com/arama?q=%C4%B0%C5%9F+Bankas%C4%B1+K%C3%BClt%C3%BCr+Yay%C4%B1nlar%C4%B1+D%C3%B6n%C3%BC%C5%9F%C3%BCm+Ciltli,"{""creator"": ""İş Bankası Kültür Yayınları"", ""variant_label"": ""Ciltli""}"
KMH007,Can Yayınları Körlük Ciltli,Can Yayınları,"Kitap, Müzik ve Hobi",kitap_muzik_hobi,https://www.cimri.com/arama?q=Can+Yay%C4%B1nlar%C4%B1+K%C3%B6rl%C3%BCk+Ciltli,"{""creator"": ""Can Yayınları"", ""variant_label"": ""Ciltli""}"
KMH008,Can Yayınları Fahrenheit 451 Ciltli,Can Yayınları,"Kitap, Müzik ve Hobi",kitap_muzik_hobi,https://www.cimri.com/arama?q=Can+Yay%C4%B1nlar%C4%B1+Fahrenheit+451+Ciltli,"{""creator"": ""Can Yayınları"", ""variant_label"": ""Ciltli""}"
KMH009,Can Yayınları Simyacı Ciltli,Can Yayınları,"Kitap, Müzik ve Hobi",kitap_muzik_hobi,https://www.cimri.com/arama?q=Can+Yay%C4%B1nlar%C4%B1+Simyac%C4%B1+Ciltli,"{""creator"": ""Can Yayınları"", ""variant_label"": ""Ciltli""}"
KMH010,Fender Akustik Gitar Ciltli,Fender,"Kitap, Müzik ve Hobi",kitap_muzik_hobi,https://www.cimri.com/arama?q=Fender+Akustik+Gitar+Ciltli,"{""creator"": ""Fender"", ""variant_label"": ""Ciltli""}"
KMH011,Fender Gitar Teli Seti Ciltli,Fender,"Kitap, Müzik ve Hobi",kitap_muzik_hobi,https://www.cimri.com/arama?q=Fender+Gitar+Teli+Seti+Ciltli,"{""creator"": ""Fender"", ""variant_label"": ""Ciltli""}"
KMH012,Fender Elektro Gitar Ciltli,Fender,"Kitap, Müzik ve Hobi",kitap_muzik_hobi,https://www.cimri.com/arama?q=Fender+Elektro+Gitar+Ciltli,"{""creator"": ""Fender"", ""variant_label"": ""Ciltli""}"
KMH013,Ravensburger 1000 Parça Puzzle Ciltli,Ravensburger,"Kitap, Müzik ve Hobi",kitap_muzik_hobi,https://www.cimri.com/arama?q=Ravensburger+1000+Par%C3%A7a+Puzzle+Ciltli,"{""creator"": ""Ravensburger"", ""variant_label"": ""Ciltli""}"
KMH014,Ravensburger 500 Parça Puzzle Ciltli,Ravensburger,"Kitap, Müzik ve Hobi",kitap_muzik_hobi,https://www.cimri.com/arama?q=Ravensburger+500+Par%C3%A7a+Puzzle+Ciltli,"{""creator"": ""Ravensburger"", ""variant_label"": ""Ciltli""}"
KMH015,Ravensburger Ahşap Puzzle Ciltli,Ravensburger,"Kitap, Müzik ve Hobi",kitap_muzik_hobi,https://www.cimri.com/arama?q=Ravensburger+Ah%C5%9Fap+Puzzle+Ciltli,"{""creator"": ""Ravensburger"", ""variant_label"": ""Ciltli""}"
KMH016,Yapı Kredi Yayınları Tutunamayanlar Karton Kapak,Yapı Kredi Yayınları,"Kitap, Müzik ve Hobi",kitap_muzik_hobi,https://www.cimri.com/arama?q=Yap%C4%B1+Kredi+Yay%C4%B1nlar%C4%B1+Tutunamayanlar+Karton+Kapak,"{""creator"": ""Yapı Kredi Yayınları"", ""variant_label"": ""Karton Kapak""}"
KMH017,Yapı Kredi Yayınları Saatleri Ayarlama Enstitüsü Karton Kapak,Yapı Kredi Yayınları,"Kitap, Müzik ve Hobi",kitap_muzik_hobi,https://www.cimri.com/arama?q=Yap%C4%B1+Kredi+Yay%C4%B1nlar%C4%B1+Saatleri+Ayarlama+Enstit%C3%BCs%C3%BC+Karton+Kapak,"{""creator"": ""Yapı Kredi Yayınları"", ""variant_label"": ""Karton Kapak""}"
KMH018,Yapı Kredi Yayınları Kürk Mantolu Madonna Karton Kapak,Yapı Kredi Yayınları,"Kitap, Müzik ve Hobi",kitap_muzik_hobi,https://www.cimri.com/arama?q=Yap%C4%B1+Kredi+Yay%C4%B1nlar%C4%B1+K%C3%BCrk+Mantolu+Madonna+Karton+Kapak,"{""creator"": ""Yapı Kredi Yayınları"", ""variant_label"": ""Karton Kapak""}"
KMH019,İş Bankası Kültür Yayınları Suç ve Ceza Karton Kapak,İş Bankası Kültür Yayınları,"Kitap, Müzik ve Hobi",kitap_muzik_hobi,https://www.cimri.com/arama?q=%C4%B0%C5%9F+Bankas%C4%B1+K%C3%BClt%C3%BCr+Yay%C4%B1nlar%C4%B1+Su%C3%A7+ve+Ceza+Karton+Kapak,"{""creator"": ""İş Bankası Kültür Yayınları"", ""variant_label"": ""Karton Kapak""}"
KMH020,İş Bankası Kültür Yayınları Sefiller Karton Kapak,İş Bankası Kültür Yayınları,"Kitap, Müzik ve Hobi",kitap_muzik_hobi,https://www.cimri.com/arama?q=%C4%B0%C5%9F+Bankas%C4%B1+K%C3%BClt%C3%BCr+Yay%C4%B1nlar%C4%B1+Sefiller+Karton+Kapak,"{""creator"": ""İş Bankası Kültür Yayınları"", ""variant_label"": ""Karton Kapak""}"
KMH021,İş Bankası Kültür Yayınları Dönüşüm Karton Kapak,İş Bankası Kültür Yayınları,"Kitap, Müzik ve Hobi",kitap_muzik_hobi,https://www.cimri.com/arama?q=%C4%B0%C5%9F+Bankas%C4%B1+K%C3%BClt%C3%BCr+Yay%C4%B1nlar%C4%B1+D%C3%B6n%C3%BC%C5%9F%C3%BCm+Karton+Kapak,"{""creator"": ""İş Bankası Kültür Yayınları"", ""variant_label"": ""Karton Kapak""}"
KMH022,Can Yayınları Körlük Karton Kapak,Can Yayınları,"Kitap, Müzik ve Hobi",kitap_muzik_hobi,https://www.cimri.com/arama?q=Can+Yay%C4%B1nlar%C4%B1+K%C3%B6rl%C3%BCk+Karton+Kapak,"{""creator"": ""Can Yayınları"", ""variant_label"": ""Karton Kapak""}"
KMH023,Can Yayınları Fahrenheit 451 Karton Kapak,Can Yayınları,"Kitap, Müzik ve Hobi",kitap_muzik_hobi,https://www.cimri.com/arama?q=Can+Yay%C4%B1nlar%C4%B1+Fahrenheit+451+Karton+Kapak,"{""creator"": ""Can Yayınları"", ""variant_label"": ""Karton Kapak""}"
KMH024,Can Yayınları Simyacı Karton Kapak,Can Yayınları,"Kitap, Müzik ve Hobi",kitap_muzik_hobi,https://www.cimri.com/arama?q=Can+Yay%C4%B1nlar%C4%B1+Simyac%C4%B1+Karton+Kapak,"{""creator"": ""Can Yayınları"", ""variant_label"": ""Karton Kapak""}"
KMH025,Fender Akustik Gitar Karton Kapak,Fender,"Kitap, Müzik ve Hobi",kitap_muzik_hobi,https://www.cimri.com/arama?q=Fender+Akustik+Gitar+Karton+Kapak,"{""creator"": ""Fender"", ""variant_label"": ""Karton Kapak""}"
KMH026,Fender Gitar Teli Seti Karton Kapak,Fender,"Kitap, Müzik ve Hobi",kitap_muzik_hobi,https://www.cimri.com/arama?q=Fender+Gitar+Teli+Seti+Karton+Kapak,"{""creator"": ""Fender"", ""variant_label"": ""Karton Kapak""}"
KMH027,Fender Elektro Gitar Karton Kapak,Fender,"Kitap, Müzik ve Hobi",kitap_muzik_hobi,https://www.cimri.com/arama?q=Fender+Elektro+Gitar+Karton+Kapak,"{""creator"": ""Fender"", ""variant_label"": ""Karton Kapak""}"
KMH028,Ravensburger 1000 Parça Puzzle Karton Kapak,Ravensburger,"Kitap, Müzik ve Hobi",kitap_muzik_hobi,https://www.cimri.com/arama?q=Ravensburger+1000+Par%C3%A7a+Puzzle+Karton+Kapak,"{""creator"": ""Ravensburger"", ""variant_label"": ""Karton Kapak""}"
KMH029,Ravensburger 500 Parça Puzzle Karton Kapak,Ravensburger,"Kitap, Müzik ve Hobi",kitap_muzik_hobi,https://www.cimri.com/arama?q=Ravensburger+500+Par%C3%A7a+Puzzle+Karton+Kapak,"{""creator"": ""Ravensburger"", ""variant_label"": ""Karton Kapak""}"
KMH030,Ravensburger Ahşap Puzzle Karton Kapak,Ravensburger,"Kitap, Müzik ve Hobi",kitap_muzik_hobi,https://www.cimri.com/arama?q=Ravensburger+Ah%C5%9Fap+Puzzle+Karton+Kapak,"{""creator"": ""Ravensburger"", ""variant_label"": ""Karton Kapak""}"
KMH031,Yapı Kredi Yayınları Tutunamayanlar Özel Baskı,Yapı Kredi Yayınları,"Kitap, Müzik ve Hobi",kitap_muzik_hobi,https://www.cimri.com/arama?q=Yap%C4%B1+Kredi+Yay%C4%B1nlar%C4%B1+Tutunamayanlar+%C3%96zel+Bask%C4%B1,"{""creator"": ""Yapı Kredi Yayınları"", ""variant_label"": ""Özel Baskı""}"
KMH032,Yapı Kredi Yayınları Saatleri Ayarlama Enstitüsü Özel Baskı,Yapı Kredi Yayınları,"Kitap, Müzik ve Hobi",kitap_muzik_hobi,https://www.cimri.com/arama?q=Yap%C4%B1+Kredi+Yay%C4%B1nlar%C4%B1+Saatleri+Ayarlama+Enstit%C3%BCs%C3%BC+%C3%96zel+Bask%C4%B1,"{""creator"": ""Yapı Kredi Yayınları"", ""variant_label"": ""Özel Baskı""}"
KMH033,Yapı Kredi Yayınları Kürk Mantolu Madonna Özel Baskı,Yapı Kredi Yayınları,"Kitap, Müzik ve Hobi",kitap_muzik_hobi,https://www.cimri.com/arama?q=Yap%C4%B1+Kredi+Yay%C4%B1nlar%C4%B1+K%C3%BCrk+Mantolu+Madonna+%C3%96zel+Bask%C4%B1,"{""creator"": ""Yapı Kredi Yayınları"", ""variant_label"": ""Özel Baskı""}"
KMH034,İş Bankası Kültür Yayınları Suç ve Ceza Özel Baskı,İş Bankası Kültür Yayınları,"Kitap, Müzik ve Hobi",kitap_muzik_hobi,https://www.cimri.com/arama?q=%C4%B0%C5%9F+Bankas%C4%B1+K%C3%BClt%C3%BCr+Yay%C4%B1nlar%C4%B1+Su%C3%A7+ve+Ceza+%C3%96zel+Bask%C4%B1,"{""creator"": ""İş Bankası Kültür Yayınları"", ""variant_label"": ""Özel Baskı""}"
KMH035,İş Bankası Kültür Yayınları Sefiller Özel Baskı,İş Bankası Kültür Yayınları,"Kitap, Müzik ve Hobi",kitap_muzik_hobi,https://www.cimri.com/arama?q=%C4%B0%C5%9F+Bankas%C4%B1+K%C3%BClt%C3%BCr+Yay%C4%B1nlar%C4%B1+Sefiller+%C3%96zel+Bask%C4%B1,"{""creator"": ""İş Bankası Kültür Yayınları"", ""variant_label"": ""Özel Baskı""}"
KMH036,İş Bankası Kültür Yayınları Dönüşüm Özel Baskı,İş Bankası Kültür Yayınları,"Kitap, Müzik ve Hobi",kitap_muzik_hobi,https://www.cimri.com/arama?q=%C4%B0%C5%9F+Bankas%C4%B1+K%C3%BClt%C3%BCr+Yay%C4%B1nlar%C4%B1+D%C3%B6n%C3%BC%C5%9F%C3%BCm+%C3%96zel+Bask%C4%B1,"{""creator"": ""İş Bankası Kültür Yayınları"", ""variant_label"": ""Özel Baskı""}"
KMH037,Can Yayınları Körlük Özel Baskı,Can Yayınları,"Kitap, Müzik ve Hobi",kitap_muzik_hobi,https://www.cimri.com/arama?q=Can+Yay%C4%B1nlar%C4%B1+K%C3%B6rl%C3%BCk+%C3%96zel+Bask%C4%B1,"{""creator"": ""Can Yayınları"", ""variant_label"": ""Özel Baskı""}"
KMH038,Can Yayınları Fahrenheit 451 Özel Baskı,Can Yayınları,"Kitap, Müzik ve Hobi",kitap_muzik_hobi,https://www.cimri.com/arama?q=Can+Yay%C4%B1nlar%C4%B1+Fahrenheit+451+%C3%96zel+Bask%C4%B1,"{""creator"": ""Can Yayınları"", ""variant_label"": ""Özel Baskı""}"
KMH039,Can Yayınları Simyacı Özel Baskı,Can Yayınları,"Kitap, Müzik ve Hobi",kitap_muzik_hobi,https://www.cimri.com/arama?q=Can+Yay%C4%B1nlar%C4%B1+Simyac%C4%B1+%C3%96zel+Bask%C4%B1,"{""creator"": ""Can Yayınları"", ""variant_label"": ""Özel Baskı""}"
KMH040,Fender Akustik Gitar Özel Baskı,Fender,"Kitap, Müzik ve Hobi",kitap_muzik_hobi,https://www.cimri.com/arama?q=Fender+Akustik+Gitar+%C3%96zel+Bask%C4%B1,"{""creator"": ""Fender"", ""variant_label"": ""Özel Baskı""}"
KMH041,Fender Gitar Teli Seti Özel Baskı,Fender,"Kitap, Müzik ve Hobi",kitap_muzik_hobi,https://www.cimri.com/arama?q=Fender+Gitar+Teli+Seti+%C3%96zel+Bask%C4%B1,"{""creator"": ""Fender"", ""variant_label"": ""Özel Baskı""}"
KMH042,Fender Elektro Gitar Özel Baskı,Fender,"Kitap, Müzik ve Hobi",kitap_muzik_hobi,https://www.cimri.com/arama?q=Fender+Elektro+Gitar+%C3%96zel+Bask%C4%B1,"{""creator"": ""Fender"", ""variant_label"": ""Özel Baskı""}"
KMH043,Ravensburger 1000 Parça Puzzle Özel Baskı,Ravensburger,"Kitap, Müzik ve Hobi",kitap_muzik_hobi,https://www.cimri.com/arama?q=Ravensburger+1000+Par%C3%A7a+Puzzle+%C3%96zel+Bask%C4%B1,"{""creator"": ""Ravensburger"", ""variant_label"": ""Özel Baskı""}"
KMH044,Ravensburger 500 Parça Puzzle Özel Baskı,Ravensburger,"Kitap, Müzik ve Hobi",kitap_muzik_hobi,https://www.cimri.com/arama?q=Ravensburger+500+Par%C3%A7a+Puzzle+%C3%96zel+Bask%C4%B1,"{""creator"": ""Ravensburger"", ""variant_label"": ""Özel Baskı""}"
KMH045,Ravensburger Ahşap Puzzle Özel Baskı,Ravensburger,"Kitap, Müzik ve Hobi",kitap_muzik_hobi,https://www.cimri.com/arama?q=Ravensburger+Ah%C5%9Fap+Puzzle+%C3%96zel+Bask%C4%B1,"{""creator"": ""Ravensburger"", ""variant_label"": ""Özel Baskı""}"
KMH046,Yapı Kredi Yayınları Tutunamayanlar Cep Boy,Yapı Kredi Yayınları,"Kitap, Müzik ve Hobi",kitap_muzik_hobi,https://www.cimri.com/arama?q=Yap%C4%B1+Kredi+Yay%C4%B1nlar%C4%B1+Tutunamayanlar+Cep+Boy,"{""creator"": ""Yapı Kredi Yayınları"", ""variant_label"": ""Cep Boy""}"
KMH047,Yapı Kredi Yayınları Saatleri Ayarlama Enstitüsü Cep Boy,Yapı Kredi Yayınları,"Kitap, Müzik ve Hobi",kitap_muzik_hobi,https://www.cimri.com/arama?q=Yap%C4%B1+Kredi+Yay%C4%B1nlar%C4%B1+Saatleri+Ayarlama+Enstit%C3%BCs%C3%BC+Cep+Boy,"{""creator"": ""Yapı Kredi Yayınları"", ""variant_label"": ""Cep Boy""}"
KMH048,Yapı Kredi Yayınları Kürk Mantolu Madonna Cep Boy,Yapı Kredi Yayınları,"Kitap, Müzik ve Hobi",kitap_muzik_hobi,https://www.cimri.com/arama?q=Yap%C4%B1+Kredi+Yay%C4%B1nlar%C4%B1+K%C3%BCrk+Mantolu+Madonna+Cep+Boy,"{""creator"": ""Yapı Kredi Yayınları"", ""variant_label"": ""Cep Boy""}"
KMH049,İş Bankası Kültür Yayınları Suç ve Ceza Cep Boy,İş Bankası Kültür Yayınları,"Kitap, Müzik ve Hobi",kitap_muzik_hobi,https://www.cimri.com/arama?q=%C4%B0%C5%9F+Bankas%C4%B1+K%C3%BClt%C3%BCr+Yay%C4%B1nlar%C4%B1+Su%C3%A7+ve+Ceza+Cep+Boy,"{""creator"": ""İş Bankası Kültür Yayınları"", ""variant_label"": ""Cep Boy""}"
KMH050,İş Bankası Kültür Yayınları Sefiller Cep Boy,İş Bankası Kültür Yayınları,"Kitap, Müzik ve Hobi",kitap_muzik_hobi,https://www.cimri.com/arama?q=%C4%B0%C5%9F+Bankas%C4%B1+K%C3%BClt%C3%BCr+Yay%C4%B1nlar%C4%B1+Sefiller+Cep+Boy,"{""creator"": ""İş Bankası Kültür Yayınları"", ""variant_label"": ""Cep Boy""}"
SPO001,Decathlon Kamp Çadırı Tek Kişilik,Decathlon,Spor ve Outdoor,spor_outdoor,https://www.cimri.com/arama?q=Decathlon+Kamp+%C3%87ad%C4%B1r%C4%B1+Tek+Ki%C5%9Filik,"{""discipline"": ""Koşu"", ""variant_label"": ""Tek Kişilik""}"
SPO002,Decathlon Uyku Tulumu Tek Kişilik,Decathlon,Spor ve Outdoor,spor_outdoor,https://www.cimri.com/arama?q=Decathlon+Uyku+Tulumu+Tek+Ki%C5%9Filik,"{""discipline"": ""Fitness"", ""variant_label"": ""Tek Kişilik""}"
SPO003,Decathlon Trekking Bot Tek Kişilik,Decathlon,Spor ve Outdoor,spor_outdoor,https://www.cimri.com/arama?q=Decathlon+Trekking+Bot+Tek+Ki%C5%9Filik,"{""discipline"": ""Outdoor"", ""variant_label"": ""Tek Kişilik""}"
SPO004,Under Armour Antrenman Tişörtü Tek Kişilik,Under Armour,Spor ve Outdoor,spor_outdoor,https://www.cimri.com/arama?q=Under+Armour+Antrenman+Ti%C5%9F%C3%B6rt%C3%BC+Tek+Ki%C5%9Filik,"{""discipline"": ""Kamp"", ""variant_label"": ""Tek Kişilik""}"
SPO005,Under Armour Spor Çanta Tek Kişilik,Under Armour,Spor ve Outdoor,spor_outdoor,https://www.cimri.com/arama?q=Under+Armour+Spor+%C3%87anta+Tek+Ki%C5%9Filik,"{""discipline"": ""Koşu"", ""variant_label"": ""Tek Kişilik""}"
SPO006,Under Armour Termal Alt Giyim Tek Kişilik,Under Armour,Spor ve Outdoor,spor_outdoor,https://www.cimri.com/arama?q=Under+Armour+Termal+Alt+Giyim+Tek+Ki%C5%9Filik,"{""discipline"": ""Fitness"", ""variant_label"": ""Tek Kişilik""}"
SPO007,Salomon Outdoor Ayakkabı Tek Kişilik,Salomon,Spor ve Outdoor,spor_outdoor,https://www.cimri.com/arama?q=Salomon+Outdoor+Ayakkab%C4%B1+Tek+Ki%C5%9Filik,"{""discipline"": ""Outdoor"", ""variant_label"": ""Tek Kişilik""}"
SPO008,Salomon Su Geçirmez Mont Tek Kişilik,Salomon,Spor ve Outdoor,spor_outdoor,https://www.cimri.com/arama?q=Salomon+Su+Ge%C3%A7irmez+Mont+Tek+Ki%C5%9Filik,"{""discipline"": ""Kamp"", ""variant_label"": ""Tek Kişilik""}"
SPO009,Salomon Trekking Bastonu Tek Kişilik,Salomon,Spor ve Outdoor,spor_outdoor,https://www.cimri.com/arama?q=Salomon+Trekking+Bastonu+Tek+Ki%C5%9Filik,"{""discipline"": ""Koşu"", ""variant_label"": ""Tek Kişilik""}"
SPO010,Wilson Basketbol Topu Tek Kişilik,Wilson,Spor ve Outdoor,spor_outdoor,https://www.cimri.com/arama?q=Wilson+Basketbol+Topu+Tek+Ki%C5%9Filik,"{""discipline"": ""Fitness"", ""variant_label"": ""Tek Kişilik""}"
SPO011,Wilson Tenis Raketi Tek Kişilik,Wilson,Spor ve Outdoor,spor_outdoor,https://www.cimri.com/arama?q=Wilson+Tenis+Raketi+Tek+Ki%C5%9Filik,"{""discipline"": ""Outdoor"", ""variant_label"": ""Tek Kişilik""}"
SPO012,Wilson Futbol Topu Tek Kişilik,Wilson,Spor ve Outdoor,spor_outdoor,https://www.cimri.com/arama?q=Wilson+Futbol+Topu+Tek+Ki%C5%9Filik,"{""discipline"": ""Kamp"", ""variant_label"": ""Tek Kişilik""}"
SPO013,Reebok Yoga Matı Tek Kişilik,Reebok,Spor ve Outdoor,spor_outdoor,https://www.cimri.com/arama?q=Reebok+Yoga+Mat%C4%B1+Tek+Ki%C5%9Filik,"{""discipline"": ""Koşu"", ""variant_label"": ""Tek Kişilik""}"
SPO014,Reebok Dambıl Seti Tek Kişilik,Reebok,Spor ve Outdoor,spor_outdoor,https://www.cimri.com/arama?q=Reebok+Damb%C4%B1l+Seti+Tek+Ki%C5%9Filik,"{""discipline"": ""Fitness"", ""variant_label"": ""Tek Kişilik""}"
SPO015,Reebok Direnç Bandı Tek Kişilik,Reebok,Spor ve Outdoor,spor_outdoor,https://www.cimri.com/arama?q=Reebok+Diren%C3%A7+Band%C4%B1+Tek+Ki%C5%9Filik,"{""discipline"": ""Outdoor"", ""variant_label"": ""Tek Kişilik""}"
SPO016,Decathlon Kamp Çadırı İki Kişilik,Decathlon,Spor ve Outdoor,spor_outdoor,https://www.cimri.com/arama?q=Decathlon+Kamp+%C3%87ad%C4%B1r%C4%B1+%C4%B0ki+Ki%C5%9Filik,"{""discipline"": ""Kamp"", ""variant_label"": ""İki Kişilik""}"
SPO017,Decathlon Uyku Tulumu İki Kişilik,Decathlon,Spor ve Outdoor,spor_outdoor,https://www.cimri.com/arama?q=Decathlon+Uyku+Tulumu+%C4%B0ki+Ki%C5%9Filik,"{""discipline"": ""Koşu"", ""variant_label"": ""İki Kişilik""}"
SPO018,Decathlon Trekking Bot İki Kişilik,Decathlon,Spor ve Outdoor,spor_outdoor,https://www.cimri.com/arama?q=Decathlon+Trekking+Bot+%C4%B0ki+Ki%C5%9Filik,"{""discipline"": ""Fitness"", ""variant_label"": ""İki Kişilik""}"
SPO019,Under Armour Antrenman Tişörtü İki Kişilik,Under Armour,Spor ve Outdoor,spor_outdoor,https://www.cimri.com/arama?q=Under+Armour+Antrenman+Ti%C5%9F%C3%B6rt%C3%BC+%C4%B0ki+Ki%C5%9Filik,"{""discipline"": ""Outdoor"", ""variant_label"": ""İki Kişilik""}"
SPO020,Under Armour Spor Çanta İki Kişilik,Under Armour,Spor ve Outdoor,spor_outdoor,https://www.cimri.com/arama?q=Under+Armour+Spor+%C3%87anta+%C4%B0ki+Ki%C5%9Filik,"{""discipline"": ""Kamp"", ""variant_label"": ""İki Kişilik""}"
SPO021,Under Armour Termal Alt Giyim İki Kişilik,Under Armour,Spor ve Outdoor,spor_outdoor,https://www.cimri.com/arama?q=Under+Armour+Termal+Alt+Giyim+%C4%B0ki+Ki%C5%9Filik,"{""discipline"": ""Koşu"", ""variant_label"": ""İki Kişilik""}"
SPO022,Salomon Outdoor Ayakkabı İki Kişilik,Salomon,Spor ve Outdoor,spor_outdoor,https://www.cimri.com/arama?q=Salomon+Outdoor+Ayakkab%C4%B1+%C4%B0ki+Ki%C5%9Filik,"{""discipline"": ""Fitness"", ""variant_label"": ""İki Kişilik""}"
SPO023,Salomon Su Geçirmez Mont İki Kişilik,Salomon,Spor ve Outdoor,spor_outdoor,https://www.cimri.com/arama?q=Salomon+Su+Ge%C3%A7irmez+Mont+%C4%B0ki+Ki%C5%9Filik,"{""discipline"": ""Outdoor"", ""variant_label"": ""İki Kişilik""}"
SPO024,Salomon Trekking Bastonu İki Kişilik,Salomon,Spor ve Outdoor,spor_outdoor,https://www.cimri.com/arama?q=Salomon+Trekking+Bastonu+%C4%B0ki+Ki%C5%9Filik,"{""discipline"": ""Kamp"", ""variant_label"": ""İki Kişilik""}"
SPO025,Wilson Basketbol Topu İki Kişilik,Wilson,Spor ve Outdoor,spor_outdoor,https://www.cimri.com/arama?q=Wilson+Basketbol+Topu+%C4%B0ki+Ki%C5%9Filik,"{""discipline"": ""Koşu"", ""variant_label"": ""İki Kişilik""}"
SPO026,Wilson Tenis Raketi İki Kişilik,Wilson,Spor ve Outdoor,spor_outdoor,https://www.cimri.com/arama?q=Wilson+Tenis+Raketi+%C4%B0ki+Ki%C5%9Filik,"{""discipline"": ""Fitness"", ""variant_label"": ""İki Kişilik""}"
SPO027,Wilson Futbol Topu İki Kişilik,Wilson,Spor ve Outdoor,spor_outdoor,https://www.cimri.com/arama?q=Wilson+Futbol+Topu+%C4%B0ki+Ki%C5%9Filik,"{""discipline"": ""Outdoor"", ""variant_label"": ""İki Kişilik""}"
SPO028,Reebok Yoga Matı İki Kişilik,Reebok,Spor ve Outdoor,spor_outdoor,https://www.cimri.com/arama?q=Reebok+Yoga+Mat%C4%B1+%C4%B0ki+Ki%C5%9Filik,"{""discipline"": ""Kamp"", ""variant_label"": ""İki Kişilik""}"
SPO029,Reebok Dambıl Seti İki Kişilik,Reebok,Spor ve Outdoor,spor_outdoor,https://www.cimri.com/arama?q=Reebok+Damb%C4%B1l+Seti+%C4%B0ki+Ki%C5%9Filik,"{""discipline"": ""Koşu"", ""variant_label"": ""İki Kişilik""}"
SPO030,Reebok Direnç Bandı İki Kişilik,Reebok,Spor ve Outdoor,spor_outdoor,https://www.cimri.com/arama?q=Reebok+Diren%C3%A7+Band%C4%B1+%C4%B0ki+Ki%C5%9Filik,"{""discipline"": ""Fitness"", ""variant_label"": ""İki Kişilik""}"
SPO031,Decathlon Kamp Çadırı Standart,Decathlon,Spor ve Outdoor,spor_outdoor,https://www.cimri.com/arama?q=Decathlon+Kamp+%C3%87ad%C4%B1r%C4%B1+Standart,"{""discipline"": ""Outdoor"", ""variant_label"": ""Standart""}"
SPO032,Decathlon Uyku Tulumu Standart,Decathlon,Spor ve Outdoor,spor_outdoor,https://www.cimri.com/arama?q=Decathlon+Uyku+Tulumu+Standart,"{""discipline"": ""Kamp"", ""variant_label"": ""Standart""}"
SPO033,Decathlon Trekking Bot Standart,Decathlon,Spor ve Outdoor,spor_outdoor,https://www.cimri.com/arama?q=Decathlon+Trekking+Bot+Standart,"{""discipline"": ""Koşu"", ""variant_label"": ""Standart""}"
SPO034,Under Armour Antrenman Tişörtü Standart,Under Armour,Spor ve Outdoor,spor_outdoor,https://www.cimri.com/arama?q=Under+Armour+Antrenman+Ti%C5%9F%C3%B6rt%C3%BC+Standart,"{""discipline"": ""Fitness"", ""variant_label"": ""Standart""}"
SPO035,Under Armour Spor Çanta Standart,Under Armour,Spor ve Outdoor,spor_outdoor,https://www.cimri.com/arama?q=Under+Armour+Spor+%C3%87anta+Standart,"{""discipline"": ""Outdoor"", ""variant_label"": ""Standart""}"
SPO036,Under Armour Termal Alt Giyim Standart,Under Armour,Spor ve Outdoor,spor_outdoor,https://www.cimri.com/arama?q=Under+Armour+Termal+Alt+Giyim+Standart,"{""discipline"": ""Kamp"", ""variant_label"": ""Standart""}"
SPO037,Salomon Outdoor Ayakkabı Standart,Salomon,Spor ve Outdoor,spor_outdoor,https://www.cimri.com/arama?q=Salomon+Outdoor+Ayakkab%C4%B1+Standart,"{""discipline"": ""Koşu"", ""variant_label"": ""Standart""}"
SPO038,Salomon Su Geçirmez Mont Standart,Salomon,Spor ve Outdoor,spor_outdoor,https://www.cimri.com/arama?q=Salomon+Su+Ge%C3%A7irmez+Mont+Standart,"{""discipline"": ""Fitness"", ""variant_label"": ""Standart""}"
SPO039,Salomon Trekking Bastonu Standart,Salomon,Spor ve Outdoor,spor_outdoor,https://www.cimri.com/arama?q=Salomon+Trekking+Bastonu+Standart,"{""discipline"": ""Outdoor"", ""variant_label"": ""Standart""}"
SPO040,Wilson Basketbol Topu Standart,Wilson,Spor ve Outdoor,spor_outdoor,https://www.cimri.com/arama?q=Wilson+Basketbol+Topu+Standart,"{""discipline"": ""Kamp"", ""variant_label"": ""Standart""}"
SPO041,Wilson Tenis Raketi Standart,Wilson,Spor ve Outdoor,spor_outdoor,https://www.cimri.com/arama?q=Wilson+Tenis+Raketi+Standart,"{""discipline"": ""Koşu"", ""variant_label"": ""Standart""}"
SPO042,Wilson Futbol Topu Standart,Wilson,Spor ve Outdoor,spor_outdoor,https://www.cimri.com/arama?q=Wilson+Futbol+Topu+Standart,"{""discipline"": ""Fitness"", ""variant_label"": ""Standart""}"
SPO043,Reebok Yoga Matı Standart,Reebok,Spor ve Outdoor,spor_outdoor,https://www.cimri.com/arama?q=Reebok+Yoga+Mat%C4%B1+Standart,"{""discipline"": ""Outdoor"", ""variant_label"": ""Standart""}"
SPO044,Reebok Dambıl Seti Standart,Reebok,Spor ve Outdoor,spor_outdoor,https://www.cimri.com/arama?q=Reebok+Damb%C4%B1l+Seti+Standart,"{""discipline"": ""Kamp"", ""variant_label"": ""Standart""}"
SPO045,Reebok Direnç Bandı Standart,Reebok,Spor ve Outdoor,spor_outdoor,https://www.cimri.com/arama?q=Reebok+Diren%C3%A7+Band%C4%B1+Standart,"{""discipline"": ""Koşu"", ""variant_label"": ""Standart""}"
SPO046,Decathlon Kamp Çadırı Profesyonel,Decathlon,Spor ve Outdoor,spor_outdoor,https://www.cimri.com/arama?q=Decathlon+Kamp+%C3%87ad%C4%B1r%C4%B1+Profesyonel,"{""discipline"": ""Fitness"", ""variant_label"": ""Profesyonel""}"
SPO047,Decathlon Uyku Tulumu Profesyonel,Decathlon,Spor ve Outdoor,spor_outdoor,https://www.cimri.com/arama?q=Decathlon+Uyku+Tulumu+Profesyonel,"{""discipline"": ""Outdoor"", ""variant_label"": ""Profesyonel""}"
SPO048,Decathlon Trekking Bot Profesyonel,Decathlon,Spor ve Outdoor,spor_outdoor,https://www.cimri.com/arama?q=Decathlon+Trekking+Bot+Profesyonel,"{""discipline"": ""Kamp"", ""variant_label"": ""Profesyonel""}"
SPO049,Under Armour Antrenman Tişörtü Profesyonel,Under Armour,Spor ve Outdoor,spor_outdoor,https://www.cimri.com/arama?q=Under+Armour+Antrenman+Ti%C5%9F%C3%B6rt%C3%BC+Profesyonel,"{""discipline"": ""Koşu"", ""variant_label"": ""Profesyonel""}"
SPO050,Under Armour Spor Çanta Profesyonel,Under Armour,Spor ve Outdoor,spor_outdoor,https://www.cimri.com/arama?q=Under+Armour+Spor+%C3%87anta+Profesyonel,"{""discipline"": ""Fitness"", ""variant_label"": ""Profesyonel""}"
SBK001,Nivea Nemlendirici Krem 200 ml,Nivea,"Sağlık, Bakım ve Kozmetik",saglik_bakim_kozmetik,https://www.cimri.com/arama?q=Nivea+Nemlendirici+Krem+200+ml,"{""variant_label"": ""200 ml"", ""volume_ml"": 200}"
SBK002,Nivea Duş Jeli 200 ml,Nivea,"Sağlık, Bakım ve Kozmetik",saglik_bakim_kozmetik,https://www.cimri.com/arama?q=Nivea+Du%C5%9F+Jeli+200+ml,"{""variant_label"": ""200 ml"", ""volume_ml"": 200}"
SBK003,Nivea Deodorant 200 ml,Nivea,"Sağlık, Bakım ve Kozmetik",saglik_bakim_kozmetik,https://www.cimri.com/arama?q=Nivea+Deodorant+200+ml,"{""variant_label"": ""200 ml"", ""volume_ml"": 200}"
SBK004,L'Oreal Elseve Şampuan 200 ml,L'Oreal,"Sağlık, Bakım ve Kozmetik",saglik_bakim_kozmetik,https://www.cimri.com/arama?q=L%27Oreal+Elseve+%C5%9Eampuan+200+ml,"{""variant_label"": ""200 ml"", ""volume_ml"": 200}"
SBK005,L'Oreal Saç Kremi 200 ml,L'Oreal,"Sağlık, Bakım ve Kozmetik",saglik_bakim_kozmetik,https://www.cimri.com/arama?q=L%27Oreal+Sa%C3%A7+Kremi+200+ml,"{""variant_label"": ""200 ml"", ""volume_ml"": 200}"
SBK006,L'Oreal Saç Boyası 200 ml,L'Oreal,"Sağlık, Bakım ve Kozmetik",saglik_bakim_kozmetik,https://www.cimri.com/arama?q=L%27Oreal+Sa%C3%A7+Boyas%C4%B1+200+ml,"{""variant_label"": ""200 ml"", ""volume_ml"": 200}"
SBK007,Garnier Micellar Su 200 ml,Garnier,"Sağlık, Bakım ve Kozmetik",saglik_bakim_kozmetik,https://www.cimri.com/arama?q=Garnier+Micellar+Su+200+ml,"{""variant_label"": ""200 ml"", ""volume_ml"": 200}"
SBK008,Garnier Yüz Temizleme Jeli 200 ml,Garnier,"Sağlık, Bakım ve Kozmetik",saglik_bakim_kozmetik,https://www.cimri.com/arama?q=Garnier+Y%C3%BCz+Temizleme+Jeli+200+ml,"{""variant_label"": ""200 ml"", ""volume_ml"": 200}"
SBK009,Garnier Güneş Kremi 200 ml,Garnier,"Sağlık, Bakım ve Kozmetik",saglik_bakim_kozmetik,https://www.cimri.com/arama?q=Garnier+G%C3%BCne%C5%9F+Kremi+200+ml,"{""variant_label"": ""200 ml"", ""volume_ml"": 200}"
SBK010,Bioderma Sensibio Solüsyon 200 ml,Bioderma,"Sağlık, Bakım ve Kozmetik",saglik_bakim_kozmetik,https://www.cimri.com/arama?q=Bioderma+Sensibio+Sol%C3%BCsyon+200+ml,"{""variant_label"": ""200 ml"", ""volume_ml"": 200}"
SBK011,Bioderma Atoderm Krem 200 ml,Bioderma,"Sağlık, Bakım ve Kozmetik",saglik_bakim_kozmetik,https://www.cimri.com/arama?q=Bioderma+Atoderm+Krem+200+ml,"{""variant_label"": ""200 ml"", ""volume_ml"": 200}"
SBK012,Bioderma Photoderm Sprey 200 ml,Bioderma,"Sağlık, Bakım ve Kozmetik",saglik_bakim_kozmetik,https://www.cimri.com/arama?q=Bioderma+Photoderm+Sprey+200+ml,"{""variant_label"": ""200 ml"", ""volume_ml"": 200}"
SBK013,Elidor Onarıcı Şampuan 200 ml,Elidor,"Sağlık, Bakım ve Kozmetik",saglik_bakim_kozmetik,https://www.cimri.com/arama?q=Elidor+Onar%C4%B1c%C4%B1+%C5%9Eampuan+200+ml,"{""variant_label"": ""200 ml"", ""volume_ml"": 200}"
SBK014,Elidor Saç Bakım Maskesi 200 ml,Elidor,"Sağlık, Bakım ve Kozmetik",saglik_bakim_kozmetik,https://www.cimri.com/arama?q=Elidor+Sa%C3%A7+Bak%C4%B1m+Maskesi+200+ml,"{""variant_label"": ""200 ml"", ""volume_ml"": 200}"
SBK015,Elidor Saç Serumu 200 ml,Elidor,"Sağlık, Bakım ve Kozmetik",saglik_bakim_kozmetik,https://www.cimri.com/arama?q=Elidor+Sa%C3%A7+Serumu+200+ml,"{""variant_label"": ""200 ml"", ""volume_ml"": 200}"
SBK016,Nivea Nemlendirici Krem 300 ml,Nivea,"Sağlık, Bakım ve Kozmetik",saglik_bakim_kozmetik,https://www.cimri.com/arama?q=Nivea+Nemlendirici+Krem+300+ml,"{""variant_label"": ""300 ml"", ""volume_ml"": 300}"
SBK017,Nivea Duş Jeli 300 ml,Nivea,"Sağlık, Bakım ve Kozmetik",saglik_bakim_kozmetik,https://www.cimri.com/arama?q=Nivea+Du%C5%9F+Jeli+300+ml,"{""variant_label"": ""300 ml"", ""volume_ml"": 300}"
SBK018,Nivea Deodorant 300 ml,Nivea,"Sağlık, Bakım ve Kozmetik",saglik_bakim_kozmetik,https://www.cimri.com/arama?q=Nivea+Deodorant+300+ml,"{""variant_label"": ""300 ml"", ""volume_ml"": 300}"
SBK019,L'Oreal Elseve Şampuan 300 ml,L'Oreal,"Sağlık, Bakım ve Kozmetik",saglik_bakim_kozmetik,https://www.cimri.com/arama?q=L%27Oreal+Elseve+%C5%9Eampuan+300+ml,"{""variant_label"": ""300 ml"", ""volume_ml"": 300}"
SBK020,L'Oreal Saç Kremi 300 ml,L'Oreal,"Sağlık, Bakım ve Kozmetik",saglik_bakim_kozmetik,https://www.cimri.com/arama?q=L%27Oreal+Sa%C3%A7+Kremi+300+ml,"{""variant_label"": ""300 ml"", ""volume_ml"": 300}"
SBK021,L'Oreal Saç Boyası 300 ml,L'Oreal,"Sağlık, Bakım ve Kozmetik",saglik_bakim_kozmetik,https://www.cimri.com/arama?q=L%27Oreal+Sa%C3%A7+Boyas%C4%B1+300+ml,"{""variant_label"": ""300 ml"", ""volume_ml"": 300}"
SBK022,Garnier Micellar Su 300 ml,Garnier,"Sağlık, Bakım ve Kozmetik",saglik_bakim_kozmetik,https://www.cimri.com/arama?q=Garnier+Micellar+Su+300+ml,"{""variant_label"": ""300 ml"", ""volume_ml"": 300}"
SBK023,Garnier Yüz Temizleme Jeli 300 ml,Garnier,"Sağlık, Bakım ve Kozmetik",saglik_bakim_kozmetik,https://www.cimri.com/arama?q=Garnier+Y%C3%BCz+Temizleme+Jeli+300+ml,"{""variant_label"": ""300 ml"", ""volume_ml"": 300}"
SBK024,Garnier Güneş Kremi 300 ml,Garnier,"Sağlık, Bakım ve Kozmetik",saglik_bakim_kozmetik,https://www.cimri.com/arama?q=Garnier+G%C3%BCne%C5%9F+Kremi+300+ml,"{""variant_label"": ""300 ml"", ""volume_ml"": 300}"
SBK025,Bioderma Sensibio Solüsyon 300 ml,Bioderma,"Sağlık, Bakım ve Kozmetik",saglik_bakim_kozmetik,https://www.cimri.com/arama?q=Bioderma+Sensibio+Sol%C3%BCsyon+300+ml,"{""variant_label"": ""300 ml"", ""volume_ml"": 300}"
SBK026,Bioderma Atoderm Krem 300 ml,Bioderma,"Sağlık, Bakım ve Kozmetik",saglik_bakim_kozmetik,https://www.cimri.com/arama?q=Bioderma+Atoderm+Krem+300+ml,"{""variant_label"": ""300 ml"", ""volume_ml"": 300}"
SBK027,Bioderma Photoderm Sprey 300 ml,Bioderma,"Sağlık, Bakım ve Kozmetik",saglik_bakim_kozmetik,https://www.cimri.com/arama?q=Bioderma+Photoderm+Sprey+300+ml,"{""variant_label"": ""300 ml"", ""volume_ml"": 300}"
SBK028,Elidor Onarıcı Şampuan 300 ml,Elidor,"Sağlık, Bakım ve Kozmetik",saglik_bakim_kozmetik,https://www.cimri.com/arama?q=Elidor+Onar%C4%B1c%C4%B1+%C5%9Eampuan+300+ml,"{""variant_label"": ""300 ml"", ""volume_ml"": 300}"
SBK029,Elidor Saç Bakım Maskesi 300 ml,Elidor,"Sağlık, Bakım ve Kozmetik",saglik_bakim_kozmetik,https://www.cimri.com/arama?q=Elidor+Sa%C3%A7+Bak%C4%B1m+Maskesi+300+ml,"{""variant_label"": ""300 ml"", ""volume_ml"": 300}"
SBK030,Elidor Saç Serumu 300 ml,Elidor,"Sağlık, Bakım ve Kozmetik",saglik_bakim_kozmetik,https://www.cimri.com/arama?q=Elidor+Sa%C3%A7+Serumu+300+ml,"{""variant_label"": ""300 ml"", ""volume_ml"": 300}"
SBK031,Nivea Nemlendirici Krem 400 ml,Nivea,"Sağlık, Bakım ve Kozmetik",saglik_bakim_kozmetik,https://www.cimri.com/arama?q=Nivea+Nemlendirici+Krem+400+ml,"{""variant_label"": ""400 ml"", ""volume_ml"": 400}"
SBK032,Nivea Duş Jeli 400 ml,Nivea,"Sağlık, Bakım ve Kozmetik",saglik_bakim_kozmetik,https://www.cimri.com/arama?q=Nivea+Du%C5%9F+Jeli+400+ml,"{""variant_label"": ""400 ml"", ""volume_ml"": 400}"
SBK033,Nivea Deodorant 400 ml,Nivea,"Sağlık, Bakım ve Kozmetik",saglik_bakim_kozmetik,https://www.cimri.com/arama?q=Nivea+Deodorant+400+ml,"{""variant_label"": ""400 ml"", ""volume_ml"": 400}"
SBK034,L'Oreal Elseve Şampuan 400 ml,L'Oreal,"Sağlık, Bakım ve Kozmetik",saglik_bakim_kozmetik,https://www.cimri.com/arama?q=L%27Oreal+Elseve+%C5%9Eampuan+400+ml,"{""variant_label"": ""400 ml"", ""volume_ml"": 400}"
SBK035,L'Oreal Saç Kremi 400 ml,L'Oreal,"Sağlık, Bakım ve Kozmetik",saglik_bakim_kozmetik,https://www.cimri.com/arama?q=L%27Oreal+Sa%C3%A7+Kremi+400+ml,"{""variant_label"": ""400 ml"", ""volume_ml"": 400}"
SBK036,L'Oreal Saç Boyası 400 ml,L'Oreal,"Sağlık, Bakım ve Kozmetik",saglik_bakim_kozmetik,https://www.cimri.com/arama?q=L%27Oreal+Sa%C3%A7+Boyas%C4%B1+400+ml,"{""variant_label"": ""400 ml"", ""volume_ml"": 400}"
SBK037,Garnier Micellar Su 400 ml,Garnier,"Sağlık, Bakım ve Kozmetik",saglik_bakim_kozmetik,https://www.cimri.com/arama?q=Garnier+Micellar+Su+400+ml,"{""variant_label"": ""400 ml"", ""volume_ml"": 400}"
SBK038,Garnier Yüz Temizleme Jeli 400 ml,Garnier,"Sağlık, Bakım ve Kozmetik",saglik_bakim_kozmetik,https://www.cimri.com/arama?q=Garnier+Y%C3%BCz+Temizleme+Jeli+400+ml,"{""variant_label"": ""400 ml"", ""volume_ml"": 400}"
SBK039,Garnier Güneş Kremi 400 ml,Garnier,"Sağlık, Bakım ve Kozmetik",saglik_bakim_kozmetik,https://www.cimri.com/arama?q=Garnier+G%C3%BCne%C5%9F+Kremi+400+ml,"{""variant_label"": ""400 ml"", ""volume_ml"": 400}"
SBK040,Bioderma Sensibio Solüsyon 400 ml,Bioderma,"Sağlık, Bakım ve Kozmetik",saglik_bakim_kozmetik,https://www.cimri.com/arama?q=Bioderma+Sensibio+Sol%C3%BCsyon+400+ml,"{""variant_label"": ""400 ml"", ""volume_ml"": 400}"
SBK041,Bioderma Atoderm Krem 400 ml,Bioderma,"Sağlık, Bakım ve Kozmetik",saglik_bakim_kozmetik,https://www.cimri.com/arama?q=Bioderma+Atoderm+Krem+400+ml,"{""variant_label"": ""400 ml"", ""volume_ml"": 400}"
SBK042,Bioderma Photoderm Sprey 400 ml,Bioderma,"Sağlık, Bakım ve Kozmetik",saglik_bakim_kozmetik,https://www.cimri.com/arama?q=Bioderma+Photoderm+Sprey+400+ml,"{""variant_label"": ""400 ml"", ""volume_ml"": 400}"
SBK043,Elidor Onarıcı Şampuan 400 ml,Elidor,"Sağlık, Bakım ve Kozmetik",saglik_bakim_kozmetik,https://www.cimri.com/arama?q=Elidor+Onar%C4%B1c%C4%B1+%C5%9Eampuan+400+ml,"{""variant_label"": ""400 ml"", ""volume_ml"": 400}"
SBK044,Elidor Saç Bakım Maskesi 400 ml,Elidor,"Sağlık, Bakım ve Kozmetik",saglik_bakim_kozmetik,https://www.cimri.com/arama?q=Elidor+Sa%C3%A7+Bak%C4%B1m+Maskesi+400+ml,"{""variant_label"": ""400 ml"", ""volume_ml"": 400}"
SBK045,Elidor Saç Serumu 400 ml,Elidor,"Sağlık, Bakım ve Kozmetik",saglik_bakim_kozmetik,https://www.cimri.com/arama?q=Elidor+Sa%C3%A7+Serumu+400+ml,"{""variant_label"": ""400 ml"", ""volume_ml"": 400}"
SBK046,Nivea Nemlendirici Krem 500 ml,Nivea,"Sağlık, Bakım ve Kozmetik",saglik_bakim_kozmetik,https://www.cimri.com/arama?q=Nivea+Nemlendirici+Krem+500+ml,"{""variant_label"": ""500 ml"", ""volume_ml"": 500}"
SBK047,Nivea Duş Jeli 500 ml,Nivea,"Sağlık, Bakım ve Kozmetik",saglik_bakim_kozmetik,https://www.cimri.com/arama?q=Nivea+Du%C5%9F+Jeli+500+ml,"{""variant_label"": ""500 ml"", ""volume_ml"": 500}"
SBK048,Nivea Deodorant 500 ml,Nivea,"Sağlık, Bakım ve Kozmetik",saglik_bakim_kozmetik,https://www.cimri.com/arama?q=Nivea+Deodorant+500+ml,"{""variant_label"": ""500 ml"", ""volume_ml"": 500}"
SBK049,L'Oreal Elseve Şampuan 500 ml,L'Oreal,"Sağlık, Bakım ve Kozmetik",saglik_bakim_kozmetik,https://www.cimri.com/arama?q=L%27Oreal+Elseve+%C5%9Eampuan+500+ml,"{""variant_label"": ""500 ml"", ""volume_ml"": 500}"
SBK050,L'Oreal Saç Kremi 500 ml,L'Oreal,"Sağlık, Bakım ve Kozmetik",saglik_bakim_kozmetik,https://www.cimri.com/arama?q=L%27Oreal+Sa%C3%A7+Kremi+500+ml,"{""variant_label"": ""500 ml"", ""volume_ml"": 500}"
OBY001,Bosch Akülü Vidalama 12V,Bosch,"Oto, Bahçe ve Yapı Market",oto_bahce_yapi_market,https://www.cimri.com/arama?q=Bosch+Ak%C3%BCl%C3%BC+Vidalama+12V,"{""power_or_volume"": ""12V"", ""variant_label"": ""12V""}"
OBY002,Bosch Darbeli Matkap 12V,Bosch,"Oto, Bahçe ve Yapı Market",oto_bahce_yapi_market,https://www.cimri.com/arama?q=Bosch+Darbeli+Matkap+12V,"{""power_or_volume"": ""12V"", ""variant_label"": ""12V""}"
OBY003,Bosch Çim Biçme Makinesi 12V,Bosch,"Oto, Bahçe ve Yapı Market",oto_bahce_yapi_market,https://www.cimri.com/arama?q=Bosch+%C3%87im+Bi%C3%A7me+Makinesi+12V,"{""power_or_volume"": ""12V"", ""variant_label"": ""12V""}"
OBY004,Makita Avuç Taşlama 12V,Makita,"Oto, Bahçe ve Yapı Market",oto_bahce_yapi_market,https://www.cimri.com/arama?q=Makita+Avu%C3%A7+Ta%C5%9Flama+12V,"{""power_or_volume"": ""12V"", ""variant_label"": ""12V""}"
OBY005,Makita Şarjlı Testere 12V,Makita,"Oto, Bahçe ve Yapı Market",oto_bahce_yapi_market,https://www.cimri.com/arama?q=Makita+%C5%9Earjl%C4%B1+Testere+12V,"{""power_or_volume"": ""12V"", ""variant_label"": ""12V""}"
OBY006,Makita Kırıcı Delici 12V,Makita,"Oto, Bahçe ve Yapı Market",oto_bahce_yapi_market,https://www.cimri.com/arama?q=Makita+K%C4%B1r%C4%B1c%C4%B1+Delici+12V,"{""power_or_volume"": ""12V"", ""variant_label"": ""12V""}"
OBY007,Castrol Motor Yağı 12V,Castrol,"Oto, Bahçe ve Yapı Market",oto_bahce_yapi_market,https://www.cimri.com/arama?q=Castrol+Motor+Ya%C4%9F%C4%B1+12V,"{""power_or_volume"": ""12V"", ""variant_label"": ""12V""}"
OBY008,Castrol Fren Hidroliği 12V,Castrol,"Oto, Bahçe ve Yapı Market",oto_bahce_yapi_market,https://www.cimri.com/arama?q=Castrol+Fren+Hidroli%C4%9Fi+12V,"{""power_or_volume"": ""12V"", ""variant_label"": ""12V""}"
OBY009,Castrol Antifriz 12V,Castrol,"Oto, Bahçe ve Yapı Market",oto_bahce_yapi_market,https://www.cimri.com/arama?q=Castrol+Antifriz+12V,"{""power_or_volume"": ""12V"", ""variant_label"": ""12V""}"
OBY010,Karcher Basınçlı Yıkama Makinesi 12V,Karcher,"Oto, Bahçe ve Yapı Market",oto_bahce_yapi_market,https://www.cimri.com/arama?q=Karcher+Bas%C4%B1n%C3%A7l%C4%B1+Y%C4%B1kama+Makinesi+12V,"{""power_or_volume"": ""12V"", ""variant_label"": ""12V""}"
OBY011,Karcher Islak Kuru Süpürge 12V,Karcher,"Oto, Bahçe ve Yapı Market",oto_bahce_yapi_market,https://www.cimri.com/arama?q=Karcher+Islak+Kuru+S%C3%BCp%C3%BCrge+12V,"{""power_or_volume"": ""12V"", ""variant_label"": ""12V""}"
OBY012,Karcher Cam Temizleyici 12V,Karcher,"Oto, Bahçe ve Yapı Market",oto_bahce_yapi_market,https://www.cimri.com/arama?q=Karcher+Cam+Temizleyici+12V,"{""power_or_volume"": ""12V"", ""variant_label"": ""12V""}"
OBY013,Gardena Bahçe Hortumu 12V,Gardena,"Oto, Bahçe ve Yapı Market",oto_bahce_yapi_market,https://www.cimri.com/arama?q=Gardena+Bah%C3%A7e+Hortumu+12V,"{""power_or_volume"": ""12V"", ""variant_label"": ""12V""}"
OBY014,Gardena Sulama Seti 12V,Gardena,"Oto, Bahçe ve Yapı Market",oto_bahce_yapi_market,https://www.cimri.com/arama?q=Gardena+Sulama+Seti+12V,"{""power_or_volume"": ""12V"", ""variant_label"": ""12V""}"
OBY015,Gardena Budama Makası 12V,Gardena,"Oto, Bahçe ve Yapı Market",oto_bahce_yapi_market,https://www.cimri.com/arama?q=Gardena+Budama+Makas%C4%B1+12V,"{""power_or_volume"": ""12V"", ""variant_label"": ""12V""}"
OBY016,Bosch Akülü Vidalama 18V,Bosch,"Oto, Bahçe ve Yapı Market",oto_bahce_yapi_market,https://www.cimri.com/arama?q=Bosch+Ak%C3%BCl%C3%BC+Vidalama+18V,"{""power_or_volume"": ""18V"", ""variant_label"": ""18V""}"
OBY017,Bosch Darbeli Matkap 18V,Bosch,"Oto, Bahçe ve Yapı Market",oto_bahce_yapi_market,https://www.cimri.com/arama?q=Bosch+Darbeli+Matkap+18V,"{""power_or_volume"": ""18V"", ""variant_label"": ""18V""}"
OBY018,Bosch Çim Biçme Makinesi 18V,Bosch,"Oto, Bahçe ve Yapı Market",oto_bahce_yapi_market,https://www.cimri.com/arama?q=Bosch+%C3%87im+Bi%C3%A7me+Makinesi+18V,"{""power_or_volume"": ""18V"", ""variant_label"": ""18V""}"
OBY019,Makita Avuç Taşlama 18V,Makita,"Oto, Bahçe ve Yapı Market",oto_bahce_yapi_market,https://www.cimri.com/arama?q=Makita+Avu%C3%A7+Ta%C5%9Flama+18V,"{""power_or_volume"": ""18V"", ""variant_label"": ""18V""}"
OBY020,Makita Şarjlı Testere 18V,Makita,"Oto, Bahçe ve Yapı Market",oto_bahce_yapi_market,https://www.cimri.com/arama?q=Makita+%C5%9Earjl%C4%B1+Testere+18V,"{""power_or_volume"": ""18V"", ""variant_label"": ""18V""}"
OBY021,Makita Kırıcı Delici 18V,Makita,"Oto, Bahçe ve Yapı Market",oto_bahce_yapi_market,https://www.cimri.com/arama?q=Makita+K%C4%B1r%C4%B1c%C4%B1+Delici+18V,"{""power_or_volume"": ""18V"", ""variant_label"": ""18V""}"
OBY022,Castrol Motor Yağı 18V,Castrol,"Oto, Bahçe ve Yapı Market",oto_bahce_yapi_market,https://www.cimri.com/arama?q=Castrol+Motor+Ya%C4%9F%C4%B1+18V,"{""power_or_volume"": ""18V"", ""variant_label"": ""18V""}"
OBY023,Castrol Fren Hidroliği 18V,Castrol,"Oto, Bahçe ve Yapı Market",oto_bahce_yapi_market,https://www.cimri.com/arama?q=Castrol+Fren+Hidroli%C4%9Fi+18V,"{""power_or_volume"": ""18V"", ""variant_label"": ""18V""}"
OBY024,Castrol Antifriz 18V,Castrol,"Oto, Bahçe ve Yapı Market",oto_bahce_yapi_market,https://www.cimri.com/arama?q=Castrol+Antifriz+18V,"{""power_or_volume"": ""18V"", ""variant_label"": ""18V""}"
OBY025,Karcher Basınçlı Yıkama Makinesi 18V,Karcher,"Oto, Bahçe ve Yapı Market",oto_bahce_yapi_market,https://www.cimri.com/arama?q=Karcher+Bas%C4%B1n%C3%A7l%C4%B1+Y%C4%B1kama+Makinesi+18V,"{""power_or_volume"": ""18V"", ""variant_label"": ""18V""}"
OBY026,Karcher Islak Kuru Süpürge 18V,Karcher,"Oto, Bahçe ve Yapı Market",oto_bahce_yapi_market,https://www.cimri.com/arama?q=Karcher+Islak+Kuru+S%C3%BCp%C3%BCrge+18V,"{""power_or_volume"": ""18V"", ""variant_label"": ""18V""}"
OBY027,Karcher Cam Temizleyici 18V,Karcher,"Oto, Bahçe ve Yapı Market",oto_bahce_yapi_market,https://www.cimri.com/arama?q=Karcher+Cam+Temizleyici+18V,"{""power_or_volume"": ""18V"", ""variant_label"": ""18V""}"
OBY028,Gardena Bahçe Hortumu 18V,Gardena,"Oto, Bahçe ve Yapı Market",oto_bahce_yapi_market,https://www.cimri.com/arama?q=Gardena+Bah%C3%A7e+Hortumu+18V,"{""power_or_volume"": ""18V"", ""variant_label"": ""18V""}"
OBY029,Gardena Sulama Seti 18V,Gardena,"Oto, Bahçe ve Yapı Market",oto_bahce_yapi_market,https://www.cimri.com/arama?q=Gardena+Sulama+Seti+18V,"{""power_or_volume"": ""18V"", ""variant_label"": ""18V""}"
OBY030,Gardena Budama Makası 18V,Gardena,"Oto, Bahçe ve Yapı Market",oto_bahce_yapi_market,https://www.cimri.com/arama?q=Gardena+Budama+Makas%C4%B1+18V,"{""power_or_volume"": ""18V"", ""variant_label"": ""18V""}"
OBY031,Bosch Akülü Vidalama 24V,Bosch,"Oto, Bahçe ve Yapı Market",oto_bahce_yapi_market,https://www.cimri.com/arama?q=Bosch+Ak%C3%BCl%C3%BC+Vidalama+24V,"{""power_or_volume"": ""24V"", ""variant_label"": ""24V""}"
OBY032,Bosch Darbeli Matkap 24V,Bosch,"Oto, Bahçe ve Yapı Market",oto_bahce_yapi_market,https://www.cimri.com/arama?q=Bosch+Darbeli+Matkap+24V,"{""power_or_volume"": ""24V"", ""variant_label"": ""24V""}"
OBY033,Bosch Çim Biçme Makinesi 24V,Bosch,"Oto, Bahçe ve Yapı Market",oto_bahce_yapi_market,https://www.cimri.com/arama?q=Bosch+%C3%87im+Bi%C3%A7me+Makinesi+24V,"{""power_or_volume"": ""24V"", ""variant_label"": ""24V""}"
OBY034,Makita Avuç Taşlama 24V,Makita,"Oto, Bahçe ve Yapı Market",oto_bahce_yapi_market,https://www.cimri.com/arama?q=Makita+Avu%C3%A7+Ta%C5%9Flama+24V,"{""power_or_volume"": ""24V"", ""variant_label"": ""24V""}"
OBY035,Makita Şarjlı Testere 24V,Makita,"Oto, Bahçe ve Yapı Market",oto_bahce_yapi_market,https://www.cimri.com/arama?q=Makita+%C5%9Earjl%C4%B1+Testere+24V,"{""power_or_volume"": ""24V"", ""variant_label"": ""24V""}"
OBY036,Makita Kırıcı Delici 24V,Makita,"Oto, Bahçe ve Yapı Market",oto_bahce_yapi_market,https://www.cimri.com/arama?q=Makita+K%C4%B1r%C4%B1c%C4%B1+Delici+24V,"{""power_or_volume"": ""24V"", ""variant_label"": ""24V""}"
OBY037,Castrol Motor Yağı 24V,Castrol,"Oto, Bahçe ve Yapı Market",oto_bahce_yapi_market,https://www.cimri.com/arama?q=Castrol+Motor+Ya%C4%9F%C4%B1+24V,"{""power_or_volume"": ""24V"", ""variant_label"": ""24V""}"
OBY038,Castrol Fren Hidroliği 24V,Castrol,"Oto, Bahçe ve Yapı Market",oto_bahce_yapi_market,https://www.cimri.com/arama?q=Castrol+Fren+Hidroli%C4%9Fi+24V,"{""power_or_volume"": ""24V"", ""variant_label"": ""24V""}"
OBY039,Castrol Antifriz 24V,Castrol,"Oto, Bahçe ve Yapı Market",oto_bahce_yapi_market,https://www.cimri.com/arama?q=Castrol+Antifriz+24V,"{""power_or_volume"": ""24V"", ""variant_label"": ""24V""}"
OBY040,Karcher Basınçlı Yıkama Makinesi 24V,Karcher,"Oto, Bahçe ve Yapı Market",oto_bahce_yapi_market,https://www.cimri.com/arama?q=Karcher+Bas%C4%B1n%C3%A7l%C4%B1+Y%C4%B1kama+Makinesi+24V,"{""power_or_volume"": ""24V"", ""variant_label"": ""24V""}"
OBY041,Karcher Islak Kuru Süpürge 24V,Karcher,"Oto, Bahçe ve Yapı Market",oto_bahce_yapi_market,https://www.cimri.com/arama?q=Karcher+Islak+Kuru+S%C3%BCp%C3%BCrge+24V,"{""power_or_volume"": ""24V"", ""variant_label"": ""24V""}"
OBY042,Karcher Cam Temizleyici 24V,Karcher,"Oto, Bahçe ve Yapı Market",oto_bahce_yapi_market,https://www.cimri.com/arama?q=Karcher+Cam+Temizleyici+24V,"{""power_or_volume"": ""24V"", ""variant_label"": ""24V""}"
OBY043,Gardena Bahçe Hortumu 24V,Gardena,"Oto, Bahçe ve Yapı Market",oto_bahce_yapi_market,https://www.cimri.com/arama?q=Gardena+Bah%C3%A7e+Hortumu+24V,"{""power_or_volume"": ""24V"", ""variant_label"": ""24V""}"
OBY044,Gardena Sulama Seti 24V,Gardena,"Oto, Bahçe ve Yapı Market",oto_bahce_yapi_market,https://www.cimri.com/arama?q=Gardena+Sulama+Seti+24V,"{""power_or_volume"": ""24V"", ""variant_label"": ""24V""}"
OBY045,Gardena Budama Makası 24V,Gardena,"Oto, Bahçe ve Yapı Market",oto_bahce_yapi_market,https://www.cimri.com/arama?q=Gardena+Budama+Makas%C4%B1+24V,"{""power_or_volume"": ""24V"", ""variant_label"": ""24V""}"
OBY046,Bosch Akülü Vidalama Standart,Bosch,"Oto, Bahçe ve Yapı Market",oto_bahce_yapi_market,https://www.cimri.com/arama?q=Bosch+Ak%C3%BCl%C3%BC+Vidalama+Standart,"{""power_or_volume"": ""Standart"", ""variant_label"": ""Standart""}"
OBY047,Bosch Darbeli Matkap Standart,Bosch,"Oto, Bahçe ve Yapı Market",oto_bahce_yapi_market,https://www.cimri.com/arama?q=Bosch+Darbeli+Matkap+Standart,"{""power_or_volume"": ""Standart"", ""variant_label"": ""Standart""}"
OBY048,Bosch Çim Biçme Makinesi Standart,Bosch,"Oto, Bahçe ve Yapı Market",oto_bahce_yapi_market,https://www.cimri.com/arama?q=Bosch+%C3%87im+Bi%C3%A7me+Makinesi+Standart,"{""power_or_volume"": ""Standart"", ""variant_label"": ""Standart""}"
OBY049,Makita Avuç Taşlama Standart,Makita,"Oto, Bahçe ve Yapı Market",oto_bahce_yapi_market,https://www.cimri.com/arama?q=Makita+Avu%C3%A7+Ta%C5%9Flama+Standart,"{""power_or_volume"": ""Standart"", ""variant_label"": ""Standart""}"
OBY050,Makita Şarjlı Testere Standart,Makita,"Oto, Bahçe ve Yapı Market",oto_bahce_yapi_market,https://www.cimri.com/arama?q=Makita+%C5%9Earjl%C4%B1+Testere+Standart,"{""power_or_volume"": ""Standart"", ""variant_label"": ""Standart""}"
PET001,Royal Canin Yavru Kedi Maması 1.5 kg,Royal Canin,Petshop,petshop,https://www.cimri.com/arama?q=Royal+Canin+Yavru+Kedi+Mamas%C4%B1+1.5+kg,"{""animal_type"": ""Kedi"", ""variant_label"": ""1.5 kg"", ""weight_kg"": 1.5}"
PET002,Royal Canin Yetişkin Köpek Maması 1.5 kg,Royal Canin,Petshop,petshop,https://www.cimri.com/arama?q=Royal+Canin+Yeti%C5%9Fkin+K%C3%B6pek+Mamas%C4%B1+1.5+kg,"{""animal_type"": ""Köpek"", ""variant_label"": ""1.5 kg"", ""weight_kg"": 1.5}"
PET003,Royal Canin Indoor Kedi Maması 1.5 kg,Royal Canin,Petshop,petshop,https://www.cimri.com/arama?q=Royal+Canin+Indoor+Kedi+Mamas%C4%B1+1.5+kg,"{""animal_type"": ""Kedi"", ""variant_label"": ""1.5 kg"", ""weight_kg"": 1.5}"
PET004,Pro Plan Somonlu Kedi Maması 1.5 kg,Pro Plan,Petshop,petshop,https://www.cimri.com/arama?q=Pro+Plan+Somonlu+Kedi+Mamas%C4%B1+1.5+kg,"{""animal_type"": ""Kedi"", ""variant_label"": ""1.5 kg"", ""weight_kg"": 1.5}"
PET005,Pro Plan Kuzulu Köpek Maması 1.5 kg,Pro Plan,Petshop,petshop,https://www.cimri.com/arama?q=Pro+Plan+Kuzulu+K%C3%B6pek+Mamas%C4%B1+1.5+kg,"{""animal_type"": ""Köpek"", ""variant_label"": ""1.5 kg"", ""weight_kg"": 1.5}"
PET006,Pro Plan Sterilised Kedi Maması 1.5 kg,Pro Plan,Petshop,petshop,https://www.cimri.com/arama?q=Pro+Plan+Sterilised+Kedi+Mamas%C4%B1+1.5+kg,"{""animal_type"": ""Kedi"", ""variant_label"": ""1.5 kg"", ""weight_kg"": 1.5}"
PET007,Whiskas Tavuklu Kedi Maması 1.5 kg,Whiskas,Petshop,petshop,https://www.cimri.com/arama?q=Whiskas+Tavuklu+Kedi+Mamas%C4%B1+1.5+kg,"{""animal_type"": ""Kedi"", ""variant_label"": ""1.5 kg"", ""weight_kg"": 1.5}"
PET008,Whiskas Yaş Kedi Maması 1.5 kg,Whiskas,Petshop,petshop,https://www.cimri.com/arama?q=Whiskas+Ya%C5%9F+Kedi+Mamas%C4%B1+1.5+kg,"{""animal_type"": ""Kedi"", ""variant_label"": ""1.5 kg"", ""weight_kg"": 1.5}"
PET009,Whiskas Ton Balıklı Kedi Maması 1.5 kg,Whiskas,Petshop,petshop,https://www.cimri.com/arama?q=Whiskas+Ton+Bal%C4%B1kl%C4%B1+Kedi+Mamas%C4%B1+1.5+kg,"{""animal_type"": ""Kedi"", ""variant_label"": ""1.5 kg"", ""weight_kg"": 1.5}"
PET010,Pedigree Biftekli Köpek Maması 1.5 kg,Pedigree,Petshop,petshop,https://www.cimri.com/arama?q=Pedigree+Biftekli+K%C3%B6pek+Mamas%C4%B1+1.5+kg,"{""animal_type"": ""Köpek"", ""variant_label"": ""1.5 kg"", ""weight_kg"": 1.5}"
PET011,Pedigree Ödül Köpek Maması 1.5 kg,Pedigree,Petshop,petshop,https://www.cimri.com/arama?q=Pedigree+%C3%96d%C3%BCl+K%C3%B6pek+Mamas%C4%B1+1.5+kg,"{""animal_type"": ""Köpek"", ""variant_label"": ""1.5 kg"", ""weight_kg"": 1.5}"
PET012,Pedigree Kuzulu Köpek Konservesi 1.5 kg,Pedigree,Petshop,petshop,https://www.cimri.com/arama?q=Pedigree+Kuzulu+K%C3%B6pek+Konservesi+1.5+kg,"{""animal_type"": ""Köpek"", ""variant_label"": ""1.5 kg"", ""weight_kg"": 1.5}"
PET013,Catsan Hijyenik Kedi Kumu 1.5 kg,Catsan,Petshop,petshop,https://www.cimri.com/arama?q=Catsan+Hijyenik+Kedi+Kumu+1.5+kg,"{""animal_type"": ""Kedi"", ""variant_label"": ""1.5 kg"", ""weight_kg"": 1.5}"
PET014,Catsan Doğal Kedi Kumu 1.5 kg,Catsan,Petshop,petshop,https://www.cimri.com/arama?q=Catsan+Do%C4%9Fal+Kedi+Kumu+1.5+kg,"{""animal_type"": ""Kedi"", ""variant_label"": ""1.5 kg"", ""weight_kg"": 1.5}"
PET015,Catsan Topaklanan Kedi Kumu 1.5 kg,Catsan,Petshop,petshop,https://www.cimri.com/arama?q=Catsan+Topaklanan+Kedi+Kumu+1.5+kg,"{""animal_type"": ""Kedi"", ""variant_label"": ""1.5 kg"", ""weight_kg"": 1.5}"
PET016,Royal Canin Yavru Kedi Maması 3 kg,Royal Canin,Petshop,petshop,https://www.cimri.com/arama?q=Royal+Canin+Yavru+Kedi+Mamas%C4%B1+3+kg,"{""animal_type"": ""Kedi"", ""variant_label"": ""3 kg"", ""weight_kg"": 3.0}"
PET017,Royal Canin Yetişkin Köpek Maması 3 kg,Royal Canin,Petshop,petshop,https://www.cimri.com/arama?q=Royal+Canin+Yeti%C5%9Fkin+K%C3%B6pek+Mamas%C4%B1+3+kg,"{""animal_type"": ""Köpek"", ""variant_label"": ""3 kg"", ""weight_kg"": 3.0}"
PET018,Royal Canin Indoor Kedi Maması 3 kg,Royal Canin,Petshop,petshop,https://www.cimri.com/arama?q=Royal+Canin+Indoor+Kedi+Mamas%C4%B1+3+kg,"{""animal_type"": ""Kedi"", ""variant_label"": ""3 kg"", ""weight_kg"": 3.0}"
PET019,Pro Plan Somonlu Kedi Maması 3 kg,Pro Plan,Petshop,petshop,https://www.cimri.com/arama?q=Pro+Plan+Somonlu+Kedi+Mamas%C4%B1+3+kg,"{""animal_type"": ""Kedi"", ""variant_label"": ""3 kg"", ""weight_kg"": 3.0}"
PET020,Pro Plan Kuzulu Köpek Maması 3 kg,Pro Plan,Petshop,petshop,https://www.cimri.com/arama?q=Pro+Plan+Kuzulu+K%C3%B6pek+Mamas%C4%B1+3+kg,"{""animal_type"": ""Köpek"", ""variant_label"": ""3 kg"", ""weight_kg"": 3.0}"
PET021,Pro Plan Sterilised Kedi Maması 3 kg,Pro Plan,Petshop,petshop,https://www.cimri.com/arama?q=Pro+Plan+Sterilised+Kedi+Mamas%C4%B1+3+kg,"{""animal_type"": ""Kedi"", ""variant_label"": ""3 kg"", ""weight_kg"": 3.0}"
PET022,Whiskas Tavuklu Kedi Maması 3 kg,Whiskas,Petshop,petshop,https://www.cimri.com/arama?q=Whiskas+Tavuklu+Kedi+Mamas%C4%B1+3+kg,"{""animal_type"": ""Kedi"", ""variant_label"": ""3 kg"", ""weight_kg"": 3.0}"
PET023,Whiskas Yaş Kedi Maması 3 kg,Whiskas,Petshop,petshop,https://www.cimri.com/arama?q=Whiskas+Ya%C5%9F+Kedi+Mamas%C4%B1+3+kg,"{""animal_type"": ""Kedi"", ""variant_label"": ""3 kg"", ""weight_kg"": 3.0}"
PET024,Whiskas Ton Balıklı Kedi Maması 3 kg,Whiskas,Petshop,petshop,https://www.cimri.com/arama?q=Whiskas+Ton+Bal%C4%B1kl%C4%B1+Kedi+Mamas%C4%B1+3+kg,"{""animal_type"": ""Kedi"", ""variant_label"": ""3 kg"", ""weight_kg"": 3.0}"
PET025,Pedigree Biftekli Köpek Maması 3 kg,Pedigree,Petshop,petshop,https://www.cimri.com/arama?q=Pedigree+Biftekli+K%C3%B6pek+Mamas%C4%B1+3+kg,"{""animal_type"": ""Köpek"", ""variant_label"": ""3 kg"", ""weight_kg"": 3.0}"
PET026,Pedigree Ödül Köpek Maması 3 kg,Pedigree,Petshop,petshop,https://www.cimri.com/arama?q=Pedigree+%C3%96d%C3%BCl+K%C3%B6pek+Mamas%C4%B1+3+kg,"{""animal_type"": ""Köpek"", ""variant_label"": ""3 kg"", ""weight_kg"": 3.0}"
PET027,Pedigree Kuzulu Köpek Konservesi 3 kg,Pedigree,Petshop,petshop,https://www.cimri.com/arama?q=Pedigree+Kuzulu+K%C3%B6pek+Konservesi+3+kg,"{""animal_type"": ""Köpek"", ""variant_label"": ""3 kg"", ""weight_kg"": 3.0}"
PET028,Catsan Hijyenik Kedi Kumu 3 kg,Catsan,Petshop,petshop,https://www.cimri.com/arama?q=Catsan+Hijyenik+Kedi+Kumu+3+kg,"{""animal_type"": ""Kedi"", ""variant_label"": ""3 kg"", ""weight_kg"": 3.0}"
PET029,Catsan Doğal Kedi Kumu 3 kg,Catsan,Petshop,petshop,https://www.cimri.com/arama?q=Catsan+Do%C4%9Fal+Kedi+Kumu+3+kg,"{""animal_type"": ""Kedi"", ""variant_label"": ""3 kg"", ""weight_kg"": 3.0}"
PET030,Catsan Topaklanan Kedi Kumu 3 kg,Catsan,Petshop,petshop,https://www.cimri.com/arama?q=Catsan+Topaklanan+Kedi+Kumu+3+kg,"{""animal_type"": ""Kedi"", ""variant_label"": ""3 kg"", ""weight_kg"": 3.0}"
PET031,Royal Canin Yavru Kedi Maması 10 kg,Royal Canin,Petshop,petshop,https://www.cimri.com/arama?q=Royal+Canin+Yavru+Kedi+Mamas%C4%B1+10+kg,"{""animal_type"": ""Kedi"", ""variant_label"": ""10 kg"", ""weight_kg"": 10.0}"
PET032,Royal Canin Yetişkin Köpek Maması 10 kg,Royal Canin,Petshop,petshop,https://www.cimri.com/arama?q=Royal+Canin+Yeti%C5%9Fkin+K%C3%B6pek+Mamas%C4%B1+10+kg,"{""animal_type"": ""Köpek"", ""variant_label"": ""10 kg"", ""weight_kg"": 10.0}"
PET033,Royal Canin Indoor Kedi Maması 10 kg,Royal Canin,Petshop,petshop,https://www.cimri.com/arama?q=Royal+Canin+Indoor+Kedi+Mamas%C4%B1+10+kg,"{""animal_type"": ""Kedi"", ""variant_label"": ""10 kg"", ""weight_kg"": 10.0}"
PET034,Pro Plan Somonlu Kedi Maması 10 kg,Pro Plan,Petshop,petshop,https://www.cimri.com/arama?q=Pro+Plan+Somonlu+Kedi+Mamas%C4%B1+10+kg,"{""animal_type"": ""Kedi"", ""variant_label"": ""10 kg"", ""weight_kg"": 10.0}"
PET035,Pro Plan Kuzulu Köpek Maması 10 kg,Pro Plan,Petshop,petshop,https://www.cimri.com/arama?q=Pro+Plan+Kuzulu+K%C3%B6pek+Mamas%C4%B1+10+kg,"{""animal_type"": ""Köpek"", ""variant_label"": ""10 kg"", ""weight_kg"": 10.0}"
PET036,Pro Plan Sterilised Kedi Maması 10 kg,Pro Plan,Petshop,petshop,https://www.cimri.com/arama?q=Pro+Plan+Sterilised+Kedi+Mamas%C4%B1+10+kg,"{""animal_type"": ""Kedi"", ""variant_label"": ""10 kg"", ""weight_kg"": 10.0}"
PET037,Whiskas Tavuklu Kedi Maması 10 kg,Whiskas,Petshop,petshop,https://www.cimri.com/arama?q=Whiskas+Tavuklu+Kedi+Mamas%C4%B1+10+kg,"{""animal_type"": ""Kedi"", ""variant_label"": ""10 kg"", ""weight_kg"": 10.0}"
PET038,Whiskas Yaş Kedi Maması 10 kg,Whiskas,Petshop,petshop,https://www.cimri.com/arama?q=Whiskas+Ya%C5%9F+Kedi+Mamas%C4%B1+10+kg,"{""animal_type"": ""Kedi"", ""variant_label"": ""10 kg"", ""weight_kg"": 10.0}"
PET039,Whiskas Ton Balıklı Kedi Maması 10 kg,Whiskas,Petshop,petshop,https://www.cimri.com/arama?q=Whiskas+Ton+Bal%C4%B1kl%C4%B1+Kedi+Mamas%C4%B1+10+kg,"{""animal_type"": ""Kedi"", ""variant_label"": ""10 kg"", ""weight_kg"": 10.0}"
PET040,Pedigree Biftekli Köpek Maması 10 kg,Pedigree,Petshop,petshop,https://www.cimri.com/arama?q=Pedigree+Biftekli+K%C3%B6pek+Mamas%C4%B1+10+kg,"{""animal_type"": ""Köpek"", ""variant_label"": ""10 kg"", ""weight_kg"": 10.0}"
PET041,Pedigree Ödül Köpek Maması 10 kg,Pedigree,Petshop,petshop,https://www.cimri.com/arama?q=Pedigree+%C3%96d%C3%BCl+K%C3%B6pek+Mamas%C4%B1+10+kg,"{""animal_type"": ""Köpek"", ""variant_label"": ""10 kg"", ""weight_kg"": 10.0}"
PET042,Pedigree Kuzulu Köpek Konservesi 10 kg,Pedigree,Petshop,petshop,https://www.cimri.com/arama?q=Pedigree+Kuzulu+K%C3%B6pek+Konservesi+10+kg,"{""animal_type"": ""Köpek"", ""variant_label"": ""10 kg"", ""weight_kg"": 10.0}"
PET043,Catsan Hijyenik Kedi Kumu 10 kg,Catsan,Petshop,petshop,https://www.cimri.com/arama?q=Catsan+Hijyenik+Kedi+Kumu+10+kg,"{""animal_type"": ""Kedi"", ""variant_label"": ""10 kg"", ""weight_kg"": 10.0}"
PET044,Catsan Doğal Kedi Kumu 10 kg,Catsan,Petshop,petshop,https://www.cimri.com/arama?q=Catsan+Do%C4%9Fal+Kedi+Kumu+10+kg,"{""animal_type"": ""Kedi"", ""variant_label"": ""10 kg"", ""weight_kg"": 10.0}"
PET045,Catsan Topaklanan Kedi Kumu 10 kg,Catsan,Petshop,petshop,https://www.cimri.com/arama?q=Catsan+Topaklanan+Kedi+Kumu+10+kg,"{""animal_type"": ""Kedi"", ""variant_label"": ""10 kg"", ""weight_kg"": 10.0}"
PET046,Royal Canin Yavru Kedi Maması 15 kg,Royal Canin,Petshop,petshop,https://www.cimri.com/arama?q=Royal+Canin+Yavru+Kedi+Mamas%C4%B1+15+kg,"{""animal_type"": ""Kedi"", ""variant_label"": ""15 kg"", ""weight_kg"": 15.0}"
PET047,Royal Canin Yetişkin Köpek Maması 15 kg,Royal Canin,Petshop,petshop,https://www.cimri.com/arama?q=Royal+Canin+Yeti%C5%9Fkin+K%C3%B6pek+Mamas%C4%B1+15+kg,"{""animal_type"": ""Köpek"", ""variant_label"": ""15 kg"", ""weight_kg"": 15.0}"
PET048,Royal Canin Indoor Kedi Maması 15 kg,Royal Canin,Petshop,petshop,https://www.cimri.com/arama?q=Royal+Canin+Indoor+Kedi+Mamas%C4%B1+15+kg,"{""animal_type"": ""Kedi"", ""variant_label"": ""15 kg"", ""weight_kg"": 15.0}"
PET049,Pro Plan Somonlu Kedi Maması 15 kg,Pro Plan,Petshop,petshop,https://www.cimri.com/arama?q=Pro+Plan+Somonlu+Kedi+Mamas%C4%B1+15+kg,"{""animal_type"": ""Kedi"", ""variant_label"": ""15 kg"", ""weight_kg"": 15.0}"
PET050,Pro Plan Kuzulu Köpek Maması 15 kg,Pro Plan,Petshop,petshop,https://www.cimri.com/arama?q=Pro+Plan+Kuzulu+K%C3%B6pek+Mamas%C4%B1+15+kg,"{""animal_type"": ""Köpek"", ""variant_label"": ""15 kg"", ""weight_kg"": 15.0}"
SPM001,Ülker Çikolatalı Gofret 500 g,Ülker,Süpermarket,supermarket,https://www.cimri.com/arama?q=%C3%9Clker+%C3%87ikolatal%C4%B1+Gofret+500+g,"{""net_weight_g"": 500, ""variant_label"": ""500 g""}"
SPM002,Ülker Bisküvi Paketi 500 g,Ülker,Süpermarket,supermarket,https://www.cimri.com/arama?q=%C3%9Clker+Bisk%C3%BCvi+Paketi+500+g,"{""net_weight_g"": 500, ""variant_label"": ""500 g""}"
SPM003,Ülker Kakaolu Kek 500 g,Ülker,Süpermarket,supermarket,https://www.cimri.com/arama?q=%C3%9Clker+Kakaolu+Kek+500+g,"{""net_weight_g"": 500, ""variant_label"": ""500 g""}"
SPM004,Eti Kraker Paketi 500 g,Eti,Süpermarket,supermarket,https://www.cimri.com/arama?q=Eti+Kraker+Paketi+500+g,"{""net_weight_g"": 500, ""variant_label"": ""500 g""}"
SPM005,Eti Çikolatalı Kek 500 g,Eti,Süpermarket,supermarket,https://www.cimri.com/arama?q=Eti+%C3%87ikolatal%C4%B1+Kek+500+g,"{""net_weight_g"": 500, ""variant_label"": ""500 g""}"
SPM006,Eti Burçak Bisküvi 500 g,Eti,Süpermarket,supermarket,https://www.cimri.com/arama?q=Eti+Bur%C3%A7ak+Bisk%C3%BCvi+500+g,"{""net_weight_g"": 500, ""variant_label"": ""500 g""}"
SPM007,Torku Toz Şeker 500 g,Torku,Süpermarket,supermarket,https://www.cimri.com/arama?q=Torku+Toz+%C5%9Eeker+500+g,"{""net_weight_g"": 500, ""variant_label"": ""500 g""}"
SPM008,Torku Ayçiçek Yağı 500 g,Torku,Süpermarket,supermarket,https://www.cimri.com/arama?q=Torku+Ay%C3%A7i%C3%A7ek+Ya%C4%9F%C4%B1+500+g,"{""net_weight_g"": 500, ""variant_label"": ""500 g""}"
SPM009,Torku Makarna 500 g,Torku,Süpermarket,supermarket,https://www.cimri.com/arama?q=Torku+Makarna+500+g,"{""net_weight_g"": 500, ""variant_label"": ""500 g""}"
SPM010,Pınar Süt 500 g,Pınar,Süpermarket,supermarket,https://www.cimri.com/arama?q=P%C4%B1nar+S%C3%BCt+500+g,"{""net_weight_g"": 500, ""variant_label"": ""500 g""}"
SPM011,Pınar Beyaz Peynir 500 g,Pınar,Süpermarket,supermarket,https://www.cimri.com/arama?q=P%C4%B1nar+Beyaz+Peynir+500+g,"{""net_weight_g"": 500, ""variant_label"": ""500 g""}"
SPM012,Pınar Kaşar Peyniri 500 g,Pınar,Süpermarket,supermarket,https://www.cimri.com/arama?q=P%C4%B1nar+Ka%C5%9Far+Peyniri+500+g,"{""net_weight_g"": 500, ""variant_label"": ""500 g""}"
SPM013,Fairy Bulaşık Deterjanı 500 g,Fairy,Süpermarket,supermarket,https://www.cimri.com/arama?q=Fairy+Bula%C5%9F%C4%B1k+Deterjan%C4%B1+500+g,"{""net_weight_g"": 500, ""variant_label"": ""500 g""}"
SPM014,Fairy Sıvı Sabun 500 g,Fairy,Süpermarket,supermarket,https://www.cimri.com/arama?q=Fairy+S%C4%B1v%C4%B1+Sabun+500+g,"{""net_weight_g"": 500, ""variant_label"": ""500 g""}"
SPM015,Fairy Çamaşır Deterjanı 500 g,Fairy,Süpermarket,supermarket,https://www.cimri.com/arama?q=Fairy+%C3%87ama%C5%9F%C4%B1r+Deterjan%C4%B1+500+g,"{""net_weight_g"": 500, ""variant_label"": ""500 g""}"
SPM016,Ülker Çikolatalı Gofret 1000 g,Ülker,Süpermarket,supermarket,https://www.cimri.com/arama?q=%C3%9Clker+%C3%87ikolatal%C4%B1+Gofret+1000+g,"{""net_weight_g"": 1000, ""variant_label"": ""1000 g""}"
SPM017,Ülker Bisküvi Paketi 1000 g,Ülker,Süpermarket,supermarket,https://www.cimri.com/arama?q=%C3%9Clker+Bisk%C3%BCvi+Paketi+1000+g,"{""net_weight_g"": 1000, ""variant_label"": ""1000 g""}"
SPM018,Ülker Kakaolu Kek 1000 g,Ülker,Süpermarket,supermarket,https://www.cimri.com/arama?q=%C3%9Clker+Kakaolu+Kek+1000+g,"{""net_weight_g"": 1000, ""variant_label"": ""1000 g""}"
SPM019,Eti Kraker Paketi 1000 g,Eti,Süpermarket,supermarket,https://www.cimri.com/arama?q=Eti+Kraker+Paketi+1000+g,"{""net_weight_g"": 1000, ""variant_label"": ""1000 g""}"
SPM020,Eti Çikolatalı Kek 1000 g,Eti,Süpermarket,supermarket,https://www.cimri.com/arama?q=Eti+%C3%87ikolatal%C4%B1+Kek+1000+g,"{""net_weight_g"": 1000, ""variant_label"": ""1000 g""}"
SPM021,Eti Burçak Bisküvi 1000 g,Eti,Süpermarket,supermarket,https://www.cimri.com/arama?q=Eti+Bur%C3%A7ak+Bisk%C3%BCvi+1000+g,"{""net_weight_g"": 1000, ""variant_label"": ""1000 g""}"
SPM022,Torku Toz Şeker 1000 g,Torku,Süpermarket,supermarket,https://www.cimri.com/arama?q=Torku+Toz+%C5%9Eeker+1000+g,"{""net_weight_g"": 1000, ""variant_label"": ""1000 g""}"
SPM023,Torku Ayçiçek Yağı 1000 g,Torku,Süpermarket,supermarket,https://www.cimri.com/arama?q=Torku+Ay%C3%A7i%C3%A7ek+Ya%C4%9F%C4%B1+1000+g,"{""net_weight_g"": 1000, ""variant_label"": ""1000 g""}"
SPM024,Torku Makarna 1000 g,Torku,Süpermarket,supermarket,https://www.cimri.com/arama?q=Torku+Makarna+1000+g,"{""net_weight_g"": 1000, ""variant_label"": ""1000 g""}"
SPM025,Pınar Süt 1000 g,Pınar,Süpermarket,supermarket,https://www.cimri.com/arama?q=P%C4%B1nar+S%C3%BCt+1000+g,"{""net_weight_g"": 1000, ""variant_label"": ""1000 g""}"
SPM026,Pınar Beyaz Peynir 1000 g,Pınar,Süpermarket,supermarket,https://www.cimri.com/arama?q=P%C4%B1nar+Beyaz+Peynir+1000+g,"{""net_weight_g"": 1000, ""variant_label"": ""1000 g""}"
SPM027,Pınar Kaşar Peyniri 1000 g,Pınar,Süpermarket,supermarket,https://www.cimri.com/arama?q=P%C4%B1nar+Ka%C5%9Far+Peyniri+1000+g,"{""net_weight_g"": 1000, ""variant_label"": ""1000 g""}"
SPM028,Fairy Bulaşık Deterjanı 1000 g,Fairy,Süpermarket,supermarket,https://www.cimri.com/arama?q=Fairy+Bula%C5%9F%C4%B1k+Deterjan%C4%B1+1000+g,"{""net_weight_g"": 1000, ""variant_label"": ""1000 g""}"
SPM029,Fairy Sıvı Sabun 1000 g,Fairy,Süpermarket,supermarket,https://www.cimri.com/arama?q=Fairy+S%C4%B1v%C4%B1+Sabun+1000+g,"{""net_weight_g"": 1000, ""variant_label"": ""1000 g""}"
SPM030,Fairy Çamaşır Deterjanı 1000 g,Fairy,Süpermarket,supermarket,https://www.cimri.com/arama?q=Fairy+%C3%87ama%C5%9F%C4%B1r+Deterjan%C4%B1+1000+g,"{""net_weight_g"": 1000, ""variant_label"": ""1000 g""}"
SPM031,Ülker Çikolatalı Gofret 1500 g,Ülker,Süpermarket,supermarket,https://www.cimri.com/arama?q=%C3%9Clker+%C3%87ikolatal%C4%B1+Gofret+1500+g,"{""net_weight_g"": 1500, ""variant_label"": ""1500 g""}"
SPM032,Ülker Bisküvi Paketi 1500 g,Ülker,Süpermarket,supermarket,https://www.cimri.com/arama?q=%C3%9Clker+Bisk%C3%BCvi+Paketi+1500+g,"{""net_weight_g"": 1500, ""variant_label"": ""1500 g""}"
SPM033,Ülker Kakaolu Kek 1500 g,Ülker,Süpermarket,supermarket,https://www.cimri.com/arama?q=%C3%9Clker+Kakaolu+Kek+1500+g,"{""net_weight_g"": 1500, ""variant_label"": ""1500 g""}"
SPM034,Eti Kraker Paketi 1500 g,Eti,Süpermarket,supermarket,https://www.cimri.com/arama?q=Eti+Kraker+Paketi+1500+g,"{""net_weight_g"": 1500, ""variant_label"": ""1500 g""}"
SPM035,Eti Çikolatalı Kek 1500 g,Eti,Süpermarket,supermarket,https://www.cimri.com/arama?q=Eti+%C3%87ikolatal%C4%B1+Kek+1500+g,"{""net_weight_g"": 1500, ""variant_label"": ""1500 g""}"
SPM036,Eti Burçak Bisküvi 1500 g,Eti,Süpermarket,supermarket,https://www.cimri.com/arama?q=Eti+Bur%C3%A7ak+Bisk%C3%BCvi+1500+g,"{""net_weight_g"": 1500, ""variant_label"": ""1500 g""}"
SPM037,Torku Toz Şeker 1500 g,Torku,Süpermarket,supermarket,https://www.cimri.com/arama?q=Torku+Toz+%C5%9Eeker+1500+g,"{""net_weight_g"": 1500, ""variant_label"": ""1500 g""}"
SPM038,Torku Ayçiçek Yağı 1500 g,Torku,Süpermarket,supermarket,https://www.cimri.com/arama?q=Torku+Ay%C3%A7i%C3%A7ek+Ya%C4%9F%C4%B1+1500+g,"{""net_weight_g"": 1500, ""variant_label"": ""1500 g""}"
SPM039,Torku Makarna 1500 g,Torku,Süpermarket,supermarket,https://www.cimri.com/arama?q=Torku+Makarna+1500+g,"{""net_weight_g"": 1500, ""variant_label"": ""1500 g""}"
SPM040,Pınar Süt 1500 g,Pınar,Süpermarket,supermarket,https://www.cimri.com/arama?q=P%C4%B1nar+S%C3%BCt+1500+g,"{""net_weight_g"": 1500, ""variant_label"": ""1500 g""}"
SPM041,Pınar Beyaz Peynir 1500 g,Pınar,Süpermarket,supermarket,https://www.cimri.com/arama?q=P%C4%B1nar+Beyaz+Peynir+1500+g,"{""net_weight_g"": 1500, ""variant_label"": ""1500 g""}"
SPM042,Pınar Kaşar Peyniri 1500 g,Pınar,Süpermarket,supermarket,https://www.cimri.com/arama?q=P%C4%B1nar+Ka%C5%9Far+Peyniri+1500+g,"{""net_weight_g"": 1500, ""variant_label"": ""1500 g""}"
SPM043,Fairy Bulaşık Deterjanı 1500 g,Fairy,Süpermarket,supermarket,https://www.cimri.com/arama?q=Fairy+Bula%C5%9F%C4%B1k+Deterjan%C4%B1+1500+g,"{""net_weight_g"": 1500, ""variant_label"": ""1500 g""}"
SPM044,Fairy Sıvı Sabun 1500 g,Fairy,Süpermarket,supermarket,https://www.cimri.com/arama?q=Fairy+S%C4%B1v%C4%B1+Sabun+1500+g,"{""net_weight_g"": 1500, ""variant_label"": ""1500 g""}"
SPM045,Fairy Çamaşır Deterjanı 1500 g,Fairy,Süpermarket,supermarket,https://www.cimri.com/arama?q=Fairy+%C3%87ama%C5%9F%C4%B1r+Deterjan%C4%B1+1500+g,"{""net_weight_g"": 1500, ""variant_label"": ""1500 g""}"
SPM046,Ülker Çikolatalı Gofret 2000 g,Ülker,Süpermarket,supermarket,https://www.cimri.com/arama?q=%C3%9Clker+%C3%87ikolatal%C4%B1+Gofret+2000+g,"{""net_weight_g"": 2000, ""variant_label"": ""2000 g""}"
SPM047,Ülker Bisküvi Paketi 2000 g,Ülker,Süpermarket,supermarket,https://www.cimri.com/arama?q=%C3%9Clker+Bisk%C3%BCvi+Paketi+2000+g,"{""net_weight_g"": 2000, ""variant_label"": ""2000 g""}"
SPM048,Ülker Kakaolu Kek 2000 g,Ülker,Süpermarket,supermarket,https://www.cimri.com/arama?q=%C3%9Clker+Kakaolu+Kek+2000+g,"{""net_weight_g"": 2000, ""variant_label"": ""2000 g""}"
SPM049,Eti Kraker Paketi 2000 g,Eti,Süpermarket,supermarket,https://www.cimri.com/arama?q=Eti+Kraker+Paketi+2000+g,"{""net_weight_g"": 2000, ""variant_label"": ""2000 g""}"
SPM050,Eti Çikolatalı Kek 2000 g,Eti,Süpermarket,supermarket,https://www.cimri.com/arama?q=Eti+%C3%87ikolatal%C4%B1+Kek+2000+g,"{""net_weight_g"": 2000, ""variant_label"": ""2000 g""}"
