product_id,product_name,brand,category,category_group,source_url,attributes
ELK001,iPhone 17 256 GB Siyah,Apple,"Elektronik, Cep Telefonu",elektronik_cep_telefonu,"https://www.akakce.com/cep-telefonu/en-ucuz-iphone-17-256-gb-siyah-fiyati,1182756127.html","{""storage_gb"": 256, ""variant_label"": ""256 GB""}"
ELK002,iPhone 15 128 GB,Apple,"Elektronik, Cep Telefonu",elektronik_cep_telefonu,"https://www.akakce.com/cep-telefonu/en-ucuz-iphone-15-fiyati,1745758198.html","{""storage_gb"": 128, ""variant_label"": ""128 GB""}"
ELK003,iPhone 17 Pro Max 256 GB,Apple,"Elektronik, Cep Telefonu",elektronik_cep_telefonu,"https://www.akakce.com/cep-telefonu/en-ucuz-iphone-17-pro-max-fiyati,370526315.html","{""storage_gb"": 256, ""variant_label"": ""256 GB""}"
ELK004,Samsung Galaxy S25 FE 256 GB,Samsung,"Elektronik, Cep Telefonu",elektronik_cep_telefonu,"https://www.akakce.com/cep-telefonu/en-ucuz-samsung-galaxy-s25-fe-fiyati,798379492.html","{""storage_gb"": 256, ""variant_label"": ""256 GB""}"
ELK005,Samsung Galaxy S26 Ultra 256 GB 12 GB,Samsung,"Elektronik, Cep Telefonu",elektronik_cep_telefonu,"https://www.akakce.com/cep-telefonu/en-ucuz-samsung-galaxy-s26-ultra-fiyati,905288931.html","{""storage_gb"": 256, ""variant_label"": ""256 GB""}"
ELK006,iPhone 17 256 GB,Apple,"Elektronik, Cep Telefonu",elektronik_cep_telefonu,"https://www.akakce.com/cep-telefonu/en-ucuz-iphone-17-fiyati,370526300.html","{""storage_gb"": 256, ""variant_label"": ""256 GB""}"
ELK007,Oppo Reno 13 F 256 GB,Oppo,"Elektronik, Cep Telefonu",elektronik_cep_telefonu,"https://www.akakce.com/cep-telefonu/en-ucuz-oppo-reno-13-f-256-gb-fiyati,979483266.html","{""storage_gb"": 256, ""variant_label"": ""256 GB""}"
ELK008,Xiaomi Redmi Note 15 Pro 256 GB 8 GB,Xiaomi,"Elektronik, Cep Telefonu",elektronik_cep_telefonu,"https://www.akakce.com/cep-telefonu/en-ucuz-xiaomi-redmi-note-15-pro-256-gb-8-gb-fiyati,1337432076.html","{""storage_gb"": 256, ""variant_label"": ""256 GB""}"
ELK009,Samsung Galaxy S25 256 GB,Samsung,"Elektronik, Cep Telefonu",elektronik_cep_telefonu,"https://www.akakce.com/cep-telefonu/en-ucuz-samsung-galaxy-s25-256-gb-fiyati,917781949.html","{""storage_gb"": 256, ""variant_label"": ""256 GB""}"
ELK010,Samsung Galaxy S25 Ultra 256 GB,Samsung,"Elektronik, Cep Telefonu",elektronik_cep_telefonu,"https://www.akakce.com/cep-telefonu/en-ucuz-samsung-galaxy-s25-ultra-fiyati,651960345.html","{""storage_gb"": 256, ""variant_label"": ""256 GB""}"
ELK011,iPhone 16 128 GB,Apple,"Elektronik, Cep Telefonu",elektronik_cep_telefonu,"https://www.akakce.com/cep-telefonu/en-ucuz-iphone-16-fiyati,233850107.html","{""storage_gb"": 128, ""variant_label"": ""128 GB""}"
ELK012,Xiaomi Redmi 15C 256 GB 8 GB,Xiaomi,"Elektronik, Cep Telefonu",elektronik_cep_telefonu,"https://www.akakce.com/cep-telefonu/en-ucuz-xiaomi-redmi-15c-fiyati,1114979900.html","{""storage_gb"": 256, ""variant_label"": ""256 GB""}"
ELK013,iPhone 17 Pro 256 GB,Apple,"Elektronik, Cep Telefonu",elektronik_cep_telefonu,"https://www.akakce.com/cep-telefonu/en-ucuz-iphone-17-pro-fiyati,370526308.html","{""storage_gb"": 256, ""variant_label"": ""256 GB""}"
ELK014,iPhone 17e 256 GB,Apple,"Elektronik, Cep Telefonu",elektronik_cep_telefonu,"https://www.akakce.com/cep-telefonu/en-ucuz-iphone-17e-fiyati,960084398.html","{""storage_gb"": 256, ""variant_label"": ""256 GB""}"
ELK015,Tecno Spark 40 5G 128 GB 6 GB Mavi,Tecno,"Elektronik, Cep Telefonu",elektronik_cep_telefonu,"https://www.akakce.com/cep-telefonu/en-ucuz-tecno-spark-40-5g-128-gb-6-gb-mavi-fiyati,1479031559.html","{""variant_label"": ""5 g""}"
ELK016,Xiaomi 17T Pro 512 GB,Xiaomi,"Elektronik, Cep Telefonu",elektronik_cep_telefonu,"https://www.akakce.com/cep-telefonu/en-ucuz-xiaomi-17t-pro-fiyati,1218241657.html","{""storage_gb"": 512, ""variant_label"": ""512 GB""}"
ELK017,Samsung Galaxy A07 128 GB,Samsung,"Elektronik, Cep Telefonu",elektronik_cep_telefonu,"https://www.akakce.com/cep-telefonu/en-ucuz-samsung-galaxy-a07-fiyati,1127896958.html","{""storage_gb"": 128, ""variant_label"": ""128 GB""}"
ELK018,Samsung Galaxy A57 256 GB 8 GB,Samsung,"Elektronik, Cep Telefonu",elektronik_cep_telefonu,"https://www.akakce.com/cep-telefonu/en-ucuz-samsung-galaxy-a57-256-gb-fiyati,1465700697.html","{""storage_gb"": 256, ""variant_label"": ""256 GB""}"
ELK019,iPhone 17 256 GB Beyaz,Apple,"Elektronik, Cep Telefonu",elektronik_cep_telefonu,"https://www.akakce.com/cep-telefonu/en-ucuz-iphone-17-256-gb-beyaz-fiyati,1182756125.html","{""storage_gb"": 256, ""variant_label"": ""256 GB""}"
ELK020,Samsung Galaxy S26 256 GB,Samsung,"Elektronik, Cep Telefonu",elektronik_cep_telefonu,"https://www.akakce.com/cep-telefonu/en-ucuz-samsung-galaxy-s26-fiyati,657198191.html","{""storage_gb"": 256, ""variant_label"": ""256 GB""}"
ELK021,iPhone 15 128 GB Siyah,Apple,"Elektronik, Cep Telefonu",elektronik_cep_telefonu,"https://www.akakce.com/cep-telefonu/en-ucuz-iphone-15-128-gb-siyah-fiyati,282674948.html","{""storage_gb"": 128, ""variant_label"": ""128 GB""}"
ELK022,iPhone 17 Pro Max 512 GB,Apple,"Elektronik, Cep Telefonu",elektronik_cep_telefonu,"https://www.akakce.com/cep-telefonu/en-ucuz-iphone-17-pro-max-512-gb-fiyati,1182794162.html","{""storage_gb"": 512, ""variant_label"": ""512 GB""}"
ELK023,Poco X8 Pro 512 GB 12 GB,Poco,"Elektronik, Cep Telefonu",elektronik_cep_telefonu,"https://www.akakce.com/cep-telefonu/en-ucuz-poco-x8-pro-512-gb-12-gb-fiyati,1464313477.html","{""storage_gb"": 512, ""variant_label"": ""512 GB""}"
ELK024,iPhone 15 128 GB Mavi,Apple,"Elektronik, Cep Telefonu",elektronik_cep_telefonu,"https://www.akakce.com/cep-telefonu/en-ucuz-iphone-15-128-gb-mavi-fiyati,282674944.html","{""storage_gb"": 128, ""variant_label"": ""128 GB""}"
ELK025,Samsung Galaxy S26 Ultra 512 GB 12 GB,Samsung,"Elektronik, Cep Telefonu",elektronik_cep_telefonu,"https://www.akakce.com/cep-telefonu/en-ucuz-samsung-galaxy-s26-ultra-512-gb-fiyati,1430240500.html","{""storage_gb"": 512, ""variant_label"": ""512 GB""}"
ELK026,Samsung Galaxy A17 5G 256 GB 8 GB,Samsung,"Elektronik, Cep Telefonu",elektronik_cep_telefonu,"https://www.akakce.com/cep-telefonu/en-ucuz-samsung-galaxy-a17-fiyati,1050230409.html","{""variant_label"": ""5 g""}"
ELK027,Samsung Galaxy A56 256 GB,Samsung,"Elektronik, Cep Telefonu",elektronik_cep_telefonu,"https://www.akakce.com/cep-telefonu/en-ucuz-samsung-galaxy-a56-fiyati,786484511.html","{""storage_gb"": 256, ""variant_label"": ""256 GB""}"
ELK028,Xiaomi Redmi Note 15 Pro 512 GB 12 GB,Xiaomi,"Elektronik, Cep Telefonu",elektronik_cep_telefonu,"https://www.akakce.com/cep-telefonu/en-ucuz-xiaomi-redmi-note-15-pro-fiyati,1140705593.html","{""storage_gb"": 512, ""variant_label"": ""512 GB""}"
ELK029,Samsung Galaxy S25 Ultra 512 GB,Samsung,"Elektronik, Cep Telefonu",elektronik_cep_telefonu,"https://www.akakce.com/cep-telefonu/en-ucuz-samsung-galaxy-s25-ultra-512-gb-fiyati,917781807.html","{""storage_gb"": 512, ""variant_label"": ""512 GB""}"
ELK030,iPhone 17 Pro 256 GB Abis,Apple,"Elektronik, Cep Telefonu",elektronik_cep_telefonu,"https://www.akakce.com/cep-telefonu/en-ucuz-iphone-17-pro-256-gb-abis-fiyati,1182771123.html","{""storage_gb"": 256, ""variant_label"": ""256 GB""}"
ELK031,Samsung Galaxy A37 256 GB 8 GB,Samsung,"Elektronik, Cep Telefonu",elektronik_cep_telefonu,"https://www.akakce.com/cep-telefonu/en-ucuz-samsung-galaxy-a37-fiyati,1208733025.html","{""storage_gb"": 256, ""variant_label"": ""256 GB""}"
ELK032,Samsung Galaxy A26 256 GB 8 GB,Samsung,"Elektronik, Cep Telefonu",elektronik_cep_telefonu,"https://www.akakce.com/cep-telefonu/en-ucuz-samsung-galaxy-a26-fiyati,802026406.html","{""storage_gb"": 256, ""variant_label"": ""256 GB""}"
ELK033,"iPad 11. Nesil Wi-Fi 128 GB 11"" Tablet",Apple,"Elektronik, Cep Telefonu",elektronik_cep_telefonu,"https://www.akakce.com/tablet/en-ucuz-ipad-11-nesil-wi-fi-128-gb-11-fiyati,967238249.html","{""storage_gb"": 128, ""variant_label"": ""128 GB""}"
ELK034,"Honor Pad V9 256 GB 11.5"" Tablet",Honor,"Elektronik, Cep Telefonu",elektronik_cep_telefonu,"https://www.akakce.com/tablet/en-ucuz-honor-pad-v9-256-gb-11-5-fiyati,967334492.html","{""storage_gb"": 256, ""variant_label"": ""256 GB""}"
ELK035,"Samsung Galaxy Tab S10 FE SM-X520 128 GB 10.9"" Tablet",Samsung,"Elektronik, Cep Telefonu",elektronik_cep_telefonu,"https://www.akakce.com/tablet/en-ucuz-samsung-galaxy-tab-s10-fe-sm-x520-128-gb-10-9-fiyati,1001984422.html","{""storage_gb"": 128, ""variant_label"": ""128 GB""}"
ELK036,"Samsung Galaxy Tab S10 FE Plus SM-X620 128 GB 13.1"" Tablet",Samsung,"Elektronik, Cep Telefonu",elektronik_cep_telefonu,"https://www.akakce.com/tablet/en-ucuz-samsung-galaxy-tab-s10-fe-plus-sm-620-128-gb-13-1-fiyati,992190937.html","{""storage_gb"": 128, ""variant_label"": ""128 GB""}"
ELK037,"Samsung Galaxy Tab A11 Plus SM-X230 128 GB 11"" Tablet",Samsung,"Elektronik, Cep Telefonu",elektronik_cep_telefonu,"https://www.akakce.com/tablet/en-ucuz-samsung-galaxy-tab-a11-plus-128-gb-11-fiyati,1192243643.html","{""storage_gb"": 128, ""variant_label"": ""128 GB""}"
ELK038,"Samsung Galaxy Tab S10 FE SM-X520 256 GB 10.9"" Tablet",Samsung,"Elektronik, Cep Telefonu",elektronik_cep_telefonu,"https://www.akakce.com/tablet/en-ucuz-samsung-galaxy-tab-s10-fe-sm-x520-256-gb-11-fiyati,856993494.html","{""storage_gb"": 256, ""variant_label"": ""256 GB""}"
ELK039,"iPad Air M4 Wi-Fi 128 GB 11"" Tablet",Apple,"Elektronik, Cep Telefonu",elektronik_cep_telefonu,"https://www.akakce.com/tablet/en-ucuz-ipad-air-m4-wi-fi-128-gb-11-fiyati,1433649711.html","{""storage_gb"": 128, ""variant_label"": ""128 GB""}"
ELK040,"Samsung Galaxy Tab S10 FE Plus SM-X620 256 GB 13.1"" Tablet",Samsung,"Elektronik, Cep Telefonu",elektronik_cep_telefonu,"https://www.akakce.com/tablet/en-ucuz-samsung-galaxy-tab-s10-fe-plus-sm-x620-256-gb-13-1-fiyati,1005674374.html","{""storage_gb"": 256, ""variant_label"": ""256 GB""}"
ELK041,"iPad 11. Nesil Wi-Fi 128 GB 11"" MD3Y4TU/A Gümüş Tablet",Apple,"Elektronik, Cep Telefonu",elektronik_cep_telefonu,"https://www.akakce.com/tablet/en-ucuz-ipad-11-nesil-wi-fi-128-gb-11-md3y4tu-a-gumus-fiyati,967241078.html","{""storage_gb"": 128, ""variant_label"": ""128 GB""}"
ELK042,"Samsung Galaxy Tab A11 SM-X130 128 GB 8.7"" Tablet",Samsung,"Elektronik, Cep Telefonu",elektronik_cep_telefonu,"https://www.akakce.com/tablet/en-ucuz-samsung-galaxy-tab-a11-sm-x130-128-gb-8-7-fiyati,1228309437.html","{""storage_gb"": 128, ""variant_label"": ""128 GB""}"
ELK043,"Xiaomi Redmi Pad 2 256 GB 11"" Tablet",Xiaomi,"Elektronik, Cep Telefonu",elektronik_cep_telefonu,"https://www.akakce.com/tablet/en-ucuz-xiaomi-redmi-pad-2-256-gb-11-fiyati,1086967345.html","{""storage_gb"": 256, ""variant_label"": ""256 GB""}"
ELK044,"iPad 11. Nesil Wi-Fi 256 GB 11"" Tablet",Apple,"Elektronik, Cep Telefonu",elektronik_cep_telefonu,"https://www.akakce.com/tablet/en-ucuz-ipad-11-nesil-wi-fi-256-gb-11-fiyati,967237226.html","{""storage_gb"": 256, ""variant_label"": ""256 GB""}"
ELK045,"Samsung Galaxy Tab S11 SM-X730 128 GB 11"" Tablet",Samsung,"Elektronik, Cep Telefonu",elektronik_cep_telefonu,"https://www.akakce.com/tablet/en-ucuz-samsung-galaxy-tab-s11-sm-x730-128-gb-11-fiyati,1114803247.html","{""storage_gb"": 128, ""variant_label"": ""128 GB""}"
ELK046,"iPad Pro M5 Wi-Fi 256 GB 11"" Tablet",Apple,"Elektronik, Cep Telefonu",elektronik_cep_telefonu,"https://www.akakce.com/tablet/en-ucuz-ipad-pro-m5-wi-fi-256-gb-11-fiyati,1226492700.html","{""storage_gb"": 256, ""variant_label"": ""256 GB""}"
ELK047,"Xiaomi Pad 7 8 GB 256 GB 11.2"" Tablet",Xiaomi,"Elektronik, Cep Telefonu",elektronik_cep_telefonu,"https://www.akakce.com/tablet/en-ucuz-xiaomi-pad-7-8-gb-256-gb-11-2-fiyati,965339089.html","{""storage_gb"": 8, ""variant_label"": ""8 GB""}"
ELK048,"Honor Pad 10 256 GB 12.1"" Tablet",Honor,"Elektronik, Cep Telefonu",elektronik_cep_telefonu,"https://www.akakce.com/tablet/en-ucuz-honor-pad-10-256-gb-12-1-fiyati,1055685131.html","{""storage_gb"": 256, ""variant_label"": ""256 GB""}"
ELK049,"iPad 11. Nesil Wi-Fi 128 GB 11"" MD4A4TU/A Mavi Tablet",Apple,"Elektronik, Cep Telefonu",elektronik_cep_telefonu,"https://www.akakce.com/tablet/en-ucuz-ipad-11-nesil-wi-fi-128-gb-11-md4a4tu-a-mavi-fiyati,967238485.html","{""storage_gb"": 128, ""variant_label"": ""128 GB""}"
ELK050,"iPad Air M4 Wi-Fi 256 GB 11"" Tablet",Apple,"Elektronik, Cep Telefonu",elektronik_cep_telefonu,"https://www.akakce.com/tablet/en-ucuz-ipad-air-m4-wi-fi-256-gb-11-fiyati,1433649719.html","{""storage_gb"": 256, ""variant_label"": ""256 GB""}"
EVY001,Tefal Ingenio Ceramic Renew 11 Parça Büyük Tencere Seti,Tefal,"Ev, Yaşam, Ofis, Kırtasiye",ev_yasam_ofis_kirtasiye,"https://www.akakce.com/tencere/en-ucuz-tefal-ingenio-ceramic-renew-buyuk-set-11-parca-fiyati,271052679.html","{""variant_label"": ""11 Parça""}"
EVY002,Tefal Ingenio Exception Titanyum 6X 12 Parça Büyük Tava Tencere Seti,Tefal,"Ev, Yaşam, Ofis, Kırtasiye",ev_yasam_ofis_kirtasiye,"https://www.akakce.com/tencere/en-ucuz-tefal-ingenio-exception-titanyum-6x-buyuk-set-12-parca-2100125491-fiyati,1830397698.html","{""variant_label"": ""12 Parça""}"
EVY003,Tefal Ingenio SimpleCook 1X 12 Parça Büyük Titanyum Tava Tencere Seti,Tefal,"Ev, Yaşam, Ofis, Kırtasiye",ev_yasam_ofis_kirtasiye,"https://www.akakce.com/tencere/en-ucuz-tefal-ingenio-1x-simple-cook-buyuk-ve-tencere-seti-12-parca-2100125537-fiyati,1845354252.html","{""variant_label"": ""12 Parça""}"
EVY004,Tefal Ingenio Excellence Fusion Core 9X 14 Parça Büyük Tava ve Tencere Seti,Tefal,"Ev, Yaşam, Ofis, Kırtasiye",ev_yasam_ofis_kirtasiye,"https://www.akakce.com/tencere/en-ucuz-tefal-ingenio-excellence-fusion-core-9x-14-parca-buyuk-tava-ve-seti-fiyati,1462170192.html","{""variant_label"": ""14 Parça""}"
EVY005,Tefal Ingenio Excellence Titanyum 6X 12 Parça Büyük Tava Tencere Seti,Tefal,"Ev, Yaşam, Ofis, Kırtasiye",ev_yasam_ofis_kirtasiye,"https://www.akakce.com/tencere/en-ucuz-tefal-ingenio-excellence-titanyum-6x-12-parca-buyuk-set-fiyati,1840840085.html","{""variant_label"": ""12 Parça""}"
EVY006,Nehir Silver 6 Parça Çelik Mini Tencere Seti,Nehir,"Ev, Yaşam, Ofis, Kırtasiye",ev_yasam_ofis_kirtasiye,"https://www.akakce.com/tencere/en-ucuz-nehir-silver-6-parca-celik-mini-seti-fiyati,864382119.html","{""variant_label"": ""6 Parça""}"
EVY007,Zwilling Simplify 5'li Çelik Tencere Seti,Zwilling,"Ev, Yaşam, Ofis, Kırtasiye",ev_yasam_ofis_kirtasiye,"https://www.akakce.com/tencere/en-ucuz-zwilling-simplify-seti-paslanmaz-celik-9-parca-668700050-fiyati,1623402756.html","{""variant_label"": ""5'li""}"
EVY008,Korkmaz Proline A1147 Inox 8 Parça Tencere Seti,Korkmaz,"Ev, Yaşam, Ofis, Kırtasiye",ev_yasam_ofis_kirtasiye,"https://www.akakce.com/tencere/en-ucuz-korkmaz-a1147-proline-8-parca-inox-seti-fiyati,385787250.html","{""variant_label"": ""8 Parça""}"
EVY009,Korkmaz Perla A1606 8 Parça Çelik Tencere Seti,Korkmaz,"Ev, Yaşam, Ofis, Kırtasiye",ev_yasam_ofis_kirtasiye,"https://www.akakce.com/tencere/en-ucuz-korkmaz-a1606-perla-8-parca-celik-seti-fiyati,429758.html","{""variant_label"": ""8 Parça""}"
EVY010,Tefal Ingenio Preference 6X 12 Parça Büyük Titanyum Tencere Seti,Tefal,"Ev, Yaşam, Ofis, Kırtasiye",ev_yasam_ofis_kirtasiye,"https://www.akakce.com/tencere/en-ucuz-tefal-ingenio-preference-titanyum-6x-buyuk-set-12-parca-fiyati,1842325952.html","{""variant_label"": ""12 Parça""}"
EVY011,Tefal Titanyum Ingenio Unlimited 6X 12 Parça Büyük Tencere Tava Seti,Tefal,"Ev, Yaşam, Ofis, Kırtasiye",ev_yasam_ofis_kirtasiye,"https://www.akakce.com/tencere/en-ucuz-tefal-titanyum-ingenio-unlimited-6x-12-parca-buyuk-tava-seti-fiyati,757591526.html","{""variant_label"": ""12 Parça""}"
EVY012,Tefal Titanyum Ingenio Unlimited 6X 13 Parça Büyük Tava Tencere Seti,Tefal,"Ev, Yaşam, Ofis, Kırtasiye",ev_yasam_ofis_kirtasiye,"https://www.akakce.com/tencere/en-ucuz-tefal-titanyum-ingenio-unlimited-6x-13-parca-buyuk-tava-seti-fiyati,1611279950.html","{""variant_label"": ""13 Parça""}"
EVY013,Karaca Emirgan 8 Parça Çelik Tencere Seti,Karaca,"Ev, Yaşam, Ofis, Kırtasiye",ev_yasam_ofis_kirtasiye,"https://www.akakce.com/tencere/en-ucuz-karaca-emirgan-8-parca-celik-seti-fiyati,859380516.html","{""variant_label"": ""8 Parça""}"
EVY014,Korkmaz Steama A1999 8 Parça Çelik Tencere Seti,Korkmaz,"Ev, Yaşam, Ofis, Kırtasiye",ev_yasam_ofis_kirtasiye,"https://www.akakce.com/tencere/en-ucuz-korkmaz-a1999-steama-8-parca-celik-fiyati,5931340.html","{""variant_label"": ""8 Parça""}"
EVY015,Karaca Plasma Steel 316+ 3ply 7 Parça Tencere Seti,Karaca,"Ev, Yaşam, Ofis, Kırtasiye",ev_yasam_ofis_kirtasiye,"https://www.akakce.com/tencere/en-ucuz-karaca-plasma-steel-316-3ply-7-parca-seti-fiyati,1224422282.html","{""variant_label"": ""7 Parça""}"
EVY016,Emsan Emirgan XL Saklama Kaplı 13 Parça Çelik Tencere Seti,Emsan,"Ev, Yaşam, Ofis, Kırtasiye",ev_yasam_ofis_kirtasiye,"https://www.akakce.com/tencere/en-ucuz-emsan-emirgan-xl-saklama-kapli-13-parca-celik-seti-fiyati,1466487204.html","{""variant_label"": ""13 Parça""}"
EVY017,Korkmaz Perla A1609 9 Parça Çelik Tencere Seti,Korkmaz,"Ev, Yaşam, Ofis, Kırtasiye",ev_yasam_ofis_kirtasiye,"https://www.akakce.com/tencere/en-ucuz-korkmaz-a1609-perla-9-parca-celik-fiyati,3841296.html","{""variant_label"": ""9 Parça""}"
EVY018,Tefal Duetto 8 Parça Çelik Tencere Seti,Tefal,"Ev, Yaşam, Ofis, Kırtasiye",ev_yasam_ofis_kirtasiye,"https://www.akakce.com/tencere/en-ucuz-tefal-duetto-8-parca-celik-seti-fiyati,1236746442.html","{""variant_label"": ""8 Parça""}"
EVY019,Brioni Stone-Age 7 Parça Tencere Seti,Brioni,"Ev, Yaşam, Ofis, Kırtasiye",ev_yasam_ofis_kirtasiye,"https://www.akakce.com/tencere/en-ucuz-brioni-stone-h-7-parca-seti-fiyati,787429398.html","{""variant_label"": ""7 Parça""}"
EVY020,Tefal Ingenio Unlimited 6X Maxi 22 Parça Tava Tencere Seti,Tefal,"Ev, Yaşam, Ofis, Kırtasiye",ev_yasam_ofis_kirtasiye,"https://www.akakce.com/tencere/en-ucuz-tefal-ingenio-unlimited-6x-maxi-22-parca-tava-seti-fiyati,1567524277.html","{""variant_label"": ""22 Parça""}"
EVY021,Tefal Optispace 6 Parça Çelik Tencere Seti,Tefal,"Ev, Yaşam, Ofis, Kırtasiye",ev_yasam_ofis_kirtasiye,"https://www.akakce.com/tencere/en-ucuz-tefal-optispace-6-parca-celik-seti-fiyati,1947607373.html","{""variant_label"": ""6 Parça""}"
EVY022,Tefal Ingenio XL Intense Titanyum 2X 12 Parça Büyük Tava Tencere Seti,Tefal,"Ev, Yaşam, Ofis, Kırtasiye",ev_yasam_ofis_kirtasiye,"https://www.akakce.com/tencere/en-ucuz-tefal-ingenio-xl-intense-tit-2x-buyuk-set-12parca-fiyati,1724767317.html","{""variant_label"": ""12 Parça""}"
EVY023,Korkmaz Perla Jr. A1650 6 Parça Çelik Tencere Seti,Korkmaz,"Ev, Yaşam, Ofis, Kırtasiye",ev_yasam_ofis_kirtasiye,"https://www.akakce.com/tencere/en-ucuz-korkmaz-a1650-6-parca-perla-jr-celik-fiyati,378742.html","{""variant_label"": ""6 Parça""}"
EVY024,Tefal Ingenio Ultimate Titanyum 3X 12 Parça Büyük Tava Tencere Seti,Tefal,"Ev, Yaşam, Ofis, Kırtasiye",ev_yasam_ofis_kirtasiye,"https://www.akakce.com/tencere/en-ucuz-tefal-titanyum-ingenio-ultimate-3x-buyuk-set-12-parca-fiyati,1767283437.html","{""variant_label"": ""12 Parça""}"
EVY025,Tefal Ingenio Expertise 12 Parça 5X Büyük Tava Tencere Seti,Tefal,"Ev, Yaşam, Ofis, Kırtasiye",ev_yasam_ofis_kirtasiye,"https://www.akakce.com/tencere/en-ucuz-tefal-ingenio-expertise-12-parca-5x-buyuk-tava-seti-fiyati,1461386836.html","{""variant_label"": ""12 Parça""}"
EVY026,Nehir Silver Klasik 6 Parça Derin Çelik Tencere Seti,Nehir,"Ev, Yaşam, Ofis, Kırtasiye",ev_yasam_ofis_kirtasiye,"https://www.akakce.com/tencere/en-ucuz-nehir-silver-klasik-6-parca-celik-derin-seti-fiyati,2122443714.html","{""variant_label"": ""6 Parça""}"
EVY027,Circulon 8 Parça Tava ve Tencere Seti,Circulon,"Ev, Yaşam, Ofis, Kırtasiye",ev_yasam_ofis_kirtasiye,"https://www.akakce.com/tencere/en-ucuz-circulon-8-parca-tava-ve-seti-fiyati,926601406.html","{""variant_label"": ""8 Parça""}"
EVY028,Taç Vitali 6 Parça Çelik Tencere Seti,Taç,"Ev, Yaşam, Ofis, Kırtasiye",ev_yasam_ofis_kirtasiye,"https://www.akakce.com/tencere/en-ucuz-tac-vitali-6-parca-celik-guvec-fiyati,554672956.html","{""variant_label"": ""6 Parça""}"
EVY029,Emsan Cemre 8 Parça Çelik Tencere Seti,Emsan,"Ev, Yaşam, Ofis, Kırtasiye",ev_yasam_ofis_kirtasiye,"https://www.akakce.com/tencere/en-ucuz-emsan-cemre-8-parca-celik-seti-fiyati,27630213.html","{""variant_label"": ""8 Parça""}"
EVY030,Korkmaz Alia A1092 6 Parça Çelik Tencere Seti,Korkmaz,"Ev, Yaşam, Ofis, Kırtasiye",ev_yasam_ofis_kirtasiye,"https://www.akakce.com/tencere/en-ucuz-korkmaz-a1092-alia-6-parca-fiyati,379364664.html","{""variant_label"": ""6 Parça""}"
EVY031,Korkmaz Proline A1150 9 Parça Çelik Tencere Seti,Korkmaz,"Ev, Yaşam, Ofis, Kırtasiye",ev_yasam_ofis_kirtasiye,"https://www.akakce.com/tencere/en-ucuz-korkmaz-a1150-proline-9-parca-celik-fiyati,244248595.html","{""variant_label"": ""9 Parça""}"
EVY032,Korkmaz Perla A1524 28 cm Çelik Mantı Tenceresi,Korkmaz,"Ev, Yaşam, Ofis, Kırtasiye",ev_yasam_ofis_kirtasiye,"https://www.akakce.com/tencere/en-ucuz-korkmaz-a1524-perla-manti-celik-fiyati,868456.html","{""variant_label"": ""28 cm""}"
EVY033,"IKEA CYMBALBLOMMA tek kişilik nevresim seti, beyaz-mavi, 150x200/50x60 cm 10546953",IKEA,"Ev, Yaşam, Ofis, Kırtasiye",ev_yasam_ofis_kirtasiye,https://www.akakce.com/c/?z=134&s=0&v=3521&p=977325480&c=19920&k=5555&g=977325480&f=%2fr%2f%3fpr%3d977325480%26vd%3d3521%26pg%3d977325480,"{""variant_label"": ""60 cm""}"
EVY034,"IKEA karyola çekmeceli divan, beyaz, 80x200 cm, Nevresim seti ve yatak ayrı satılır.",IKEA,"Ev, Yaşam, Ofis, Kırtasiye",ev_yasam_ofis_kirtasiye,https://www.akakce.com/c/?z=134&s=0&v=13275&p=1081784613&c=23112&k=5555&g=1597351942&f=%2fr%2f%3fpr%3d1081784613%26vd%3d13275%26pg%3d1597351942,"{""variant_label"": ""200 cm""}"
EVY035,Sheri Home Basic Gri Çift Kişilik Nevresim Seti Düğme Detay 200x220 %100 Pamuk Newshinegrey01453020,-,"Ev, Yaşam, Ofis, Kırtasiye",ev_yasam_ofis_kirtasiye,"https://www.akakce.com/nevresim-takimi/en-ucuz-sheri-home-basic-gri-cift-kisilik-nevresim-seti-dugme-detay-200x220-100-pamuk-newshinegrey01453020-fiyati,305668366.html","{""variant_label"": ""200x220""}"
EVY036,Rotring Fineliner 10'lu İnce Uçlu Keçeli Kalem Seti,Rotring,"Ev, Yaşam, Ofis, Kırtasiye",ev_yasam_ofis_kirtasiye,"https://www.akakce.com/keceli-kalem/en-ucuz-rotring-fineliner-ince-kece-uclu-kalem-10-lu-fiyati,2078161861.html","{""variant_label"": ""10'lu""}"
EVY037,Touch Çift Taraflı Uçlu Marker Keçeli Kalem Seti 60'lı Çantalı Markör,Touch,"Ev, Yaşam, Ofis, Kırtasiye",ev_yasam_ofis_kirtasiye,"https://www.akakce.com/marker-kalem/en-ucuz-touch-cift-tarafli-uclu-marker-keceli-kalem-seti-60-li-cantali-markor-fiyati,658768557.html","{""variant_label"": ""60'li""}"
EVY038,valletta Moringa 168'li Çift Taraflı Art Marker Keçeli Kalem Seti Çantalı,Valletta,"Ev, Yaşam, Ofis, Kırtasiye",ev_yasam_ofis_kirtasiye,"https://www.akakce.com/marker-kalem/en-ucuz-valletta-moringa-168-li-cift-tarafli-art-marker-seti-cantali-fiyati,668631467.html","{""variant_label"": ""168'li""}"
EVY039,Stabilo Boss Pastel 4'lü Fosforlu Kalem Seti,Stabilo,"Ev, Yaşam, Ofis, Kırtasiye",ev_yasam_ofis_kirtasiye,"https://www.akakce.com/fosforlu-kalem/en-ucuz-stabilo-boss-pastel-4-yeni-renk-fiyati,781152505.html","{""variant_label"": ""4'lü""}"
EVY040,Bic Kid Couleur Ultra Yıkanabilir 24'lü Keçeli Kalem Seti,Bic,"Ev, Yaşam, Ofis, Kırtasiye",ev_yasam_ofis_kirtasiye,"https://www.akakce.com/keceli-kalem/en-ucuz-bic-kid-couleur-24-renk-fiyati,6058226.html","{""variant_label"": ""24'lü""}"
EVY041,Carioca Joy Süper Yıkanabilir 24'lü Keçeli Kalem Seti,Carioca,"Ev, Yaşam, Ofis, Kırtasiye",ev_yasam_ofis_kirtasiye,"https://www.akakce.com/keceli-kalem/en-ucuz-carioca-24-lu-joy-yikanabilir-keceli-boya-kalemi-fiyati,5155540.html","{""variant_label"": ""24'lü""}"
EVY042,Milk Moo Soft Cuddles Milk&moo Sırt Çantası ve Kalem Kutusu Seti Pırıltılı Deniz Kızı - 1 Adet - 1BW-Beyaz,Milk&Moo,"Ev, Yaşam, Ofis, Kırtasiye",ev_yasam_ofis_kirtasiye,"https://www.akakce.com/okul-cantasi/en-ucuz-milk-moo-soft-cuddles-milk-moo-sirt-cantasi-ve-kalem-kutusu-seti-piriltili-deniz-kizi-1-adet-1bw-beyaz-fiyati,1098419330.html","{""variant_label"": ""1 Adet""}"
EVY043,Motorobit HYD2001.4 1500MAH Şarjlı Kalem Havya Seti,-,"Ev, Yaşam, Ofis, Kırtasiye",ev_yasam_ofis_kirtasiye,"https://www.akakce.com/lehim-makinesi-havya/en-ucuz-motorobit-hyd2001-4-1500mah-sarjli-kalem-havya-seti-fiyati,452274108.html","{""variant_label"": ""HYD2001""}"
EVY044,Bic Kids Visacolor XL Yıkanabilir 12'li Jumbo Keçeli Kalem Seti,Bic,"Ev, Yaşam, Ofis, Kırtasiye",ev_yasam_ofis_kirtasiye,"https://www.akakce.com/keceli-kalem/en-ucuz-bic-kids-visacolor-xl-jumbo-12-renk-fiyati,1375700387.html","{""variant_label"": ""12'li""}"
EVY045,Carioca Baby Süper Yıkanabilir 6'lı Jumbo Keçeli Kalem Seti,Carioca,"Ev, Yaşam, Ofis, Kırtasiye",ev_yasam_ofis_kirtasiye,"https://www.akakce.com/keceli-kalem/en-ucuz-yerli-carioca-42813-jumbo-yikanabilir-keceli-boya-kalemi-bebek-super-6-li-fiyati,1338860960.html","{""variant_label"": ""6'li""}"
EVY046,Carioca Baby Teddy Süper Yıkanabilir 6'lı Jumbo Keçeli Kalem Seti,Carioca,"Ev, Yaşam, Ofis, Kırtasiye",ev_yasam_ofis_kirtasiye,"https://www.akakce.com/keceli-kalem/en-ucuz-carioca-teddy-jumbo-bebek-super-yikanabilir-6-renk-kalemi-fiyati,210176082.html","{""variant_label"": ""6'li""}"
EVY047,Art-X Acrylic Duo 18057 Su Bazlı Çift Taraflı 12'li Marker Kalem Seti,Art-X,"Ev, Yaşam, Ofis, Kırtasiye",ev_yasam_ofis_kirtasiye,"https://www.akakce.com/marker-kalem/en-ucuz-art-x-18057-duo-su-bazli-cift-tarafli-12-li-seti-fiyati,709856505.html","{""variant_label"": ""12'li""}"
EVY048,Bic Kid Couleur Ultra Yıkanabilir 12'li Keçeli Kalem Seti,Bic,"Ev, Yaşam, Ofis, Kırtasiye",ev_yasam_ofis_kirtasiye,"https://www.akakce.com/keceli-kalem/en-ucuz-bic-kid-couleur-12-renk-keceli-boya-kalemi-fiyati,1636685211.html","{""variant_label"": ""12'li""}"
EVY049,Sharpie Creative Yuvarlak Uçlu 12'li Akrilik Marker Kalem Seti,Sharpie,"Ev, Yaşam, Ofis, Kırtasiye",ev_yasam_ofis_kirtasiye,"https://www.akakce.com/marker-kalem/en-ucuz-sharpie-acrylic-paint-markers-12-li-yuvarlak-uc-akrilik-markor-kalem-seti-fiyati,700159458.html","{""variant_label"": ""12'li""}"
EVY050,Stabilo Boss Original Pastel 10'lu Fosforlu Kalem Seti,Stabilo,"Ev, Yaşam, Ofis, Kırtasiye",ev_yasam_ofis_kirtasiye,"https://www.akakce.com/fosforlu-kalem/en-ucuz-stabilo-boss-original-pastel-10-renk-seti-fiyati,788943252.html","{""variant_label"": ""10'lu""}"
ABO001,Molfix 6 Numara Extra Large 80'li Bebek Bezi,Molfix,"Anne, Bebek, Oyuncak",anne_bebek_oyuncak,"https://www.akakce.com/bebek-bezi/en-ucuz-molfix-6-numara-extra-large-80-li-fiyati,1150696289.html","{""variant_label"": ""6 Numara""}"
ABO002,Prima Premium Care 5 Numara Junior 74'lü Bebek Bezi,Prima,"Anne, Bebek, Oyuncak",anne_bebek_oyuncak,"https://www.akakce.com/bebek-bezi/en-ucuz-prima-premium-care-5-numara-junior-74-lu-firsat-paketi-fiyati,327169416.html","{""variant_label"": ""5 Numara""}"
ABO003,Prima Premium Care 1 Numara Yenidoğan 70'li Bebek Bezi,Prima,"Anne, Bebek, Oyuncak",anne_bebek_oyuncak,"https://www.akakce.com/bebek-bezi/en-ucuz-prima-premium-care-1-numara-yenidogan-70-li-ekonomik-paket-fiyati,651971907.html","{""variant_label"": ""1 Numara""}"
ABO004,Prima Premium Care 6 Numara Extra Large 62'li Bebek Bezi,Prima,"Anne, Bebek, Oyuncak",anne_bebek_oyuncak,"https://www.akakce.com/bebek-bezi/en-ucuz-prima-premium-care-6-numara-ekstra-large-62-li-fiyati,488913483.html","{""variant_label"": ""6 Numara""}"
ABO005,Molfix 4 Numara Maxi 186'lı Bebek Bezi,Molfix,"Anne, Bebek, Oyuncak",anne_bebek_oyuncak,"https://www.akakce.com/bebek-bezi/en-ucuz-molfix-4-numara-maxi-186-li-fiyati,237810389.html","{""variant_label"": ""4 Numara""}"
ABO006,Molfix 3 Numara Midi 140'lı Bebek Bezi,Molfix,"Anne, Bebek, Oyuncak",anne_bebek_oyuncak,"https://www.akakce.com/bebek-bezi/en-ucuz-molfix-3-numara-midi-140-li-fiyati,1148897313.html","{""variant_label"": ""3 Numara""}"
ABO007,Sleepy Natural Double Soft 6 Numara X Large 62'li 2 Adet Bebek Bezi,Sleepy,"Anne, Bebek, Oyuncak",anne_bebek_oyuncak,"https://www.akakce.com/bebek-bezi/en-ucuz-sleepy-natural-double-soft-6-numara-x-large-124-lu-fiyati,1345714814.html","{""variant_label"": ""6 Numara""}"
ABO008,Molfix 5 Numara Junior 78'li 2 Adet Bebek Bezi,Molfix,"Anne, Bebek, Oyuncak",anne_bebek_oyuncak,"https://www.akakce.com/bebek-bezi/en-ucuz-molfix-5-beden-junior-ultra-ekonomi-paketi-156-adet-fiyati,1055664977.html","{""variant_label"": ""5 Numara""}"
ABO009,Molfix Premium 5 Numara Junior 66'lı 4 Adet Bebek Bezi,Molfix,"Anne, Bebek, Oyuncak",anne_bebek_oyuncak,"https://www.akakce.com/bebek-bezi/en-ucuz-molfix-premium-5-numara-junior-264-lu-fiyati,752644117.html","{""variant_label"": ""5 Numara""}"
ABO010,Molfix 5 Numara Junior 100'lü Bebek Bezi,Molfix,"Anne, Bebek, Oyuncak",anne_bebek_oyuncak,"https://www.akakce.com/bebek-bezi/en-ucuz-molfix-5-beden-junior-aylik-avantaj-paketi-100-adet-fiyati,104936401.html","{""variant_label"": ""5 Numara""}"
ABO011,Sleepy Natural Double Soft 5 Numara Junior 78'li 2 Adet Bebek Bezi,Sleepy,"Anne, Bebek, Oyuncak",anne_bebek_oyuncak,"https://www.akakce.com/bebek-bezi/en-ucuz-sleepy-natural-double-soft-5-numara-junior-156-li-fiyati,1345714812.html","{""variant_label"": ""5 Numara""}"
ABO012,Molfix 4 Numara Maxi 100'lü Bebek Bezi,Molfix,"Anne, Bebek, Oyuncak",anne_bebek_oyuncak,"https://www.akakce.com/bebek-bezi/en-ucuz-molfix-4-numara-maxi-100-lu-fiyati,4388558.html","{""variant_label"": ""4 Numara""}"
ABO013,Prima Premium Care 4 Numara Maxi 126'lı Bebek Bezi,Prima,"Anne, Bebek, Oyuncak",anne_bebek_oyuncak,"https://www.akakce.com/bebek-bezi/en-ucuz-prima-premium-care-4-numara-maxi-126-li-aylik-firsat-paketi-fiyati,650986785.html","{""variant_label"": ""4 Numara""}"
ABO014,Molfix 6 Numara Extra Large 62'li Bebek Bezi,Molfix,"Anne, Bebek, Oyuncak",anne_bebek_oyuncak,"https://www.akakce.com/bebek-bezi/en-ucuz-molfix-6-numara-extra-large-62-adet-super-firsat-paket-fiyati,368467853.html","{""variant_label"": ""6 Numara""}"
ABO015,Molfix 1 Numara Yenidoğan 82'li Bebek Bezi,Molfix,"Anne, Bebek, Oyuncak",anne_bebek_oyuncak,"https://www.akakce.com/bebek-bezi/en-ucuz-molfix-1-numara-yenidogan-82-li-fiyati,280803808.html","{""variant_label"": ""1 Numara""}"
ABO016,Molfix Premium 6 Numara Extra Large 54'lü 4 Adet Bebek Bezi,Molfix,"Anne, Bebek, Oyuncak",anne_bebek_oyuncak,"https://www.akakce.com/bebek-bezi/en-ucuz-molfix-premium-6-numara-extra-large-216-li-fiyati,752644115.html","{""variant_label"": ""6 Numara""}"
ABO017,Prima Premium Care 2 Numara Mini 112'li Bebek Bezi,Prima,"Anne, Bebek, Oyuncak",anne_bebek_oyuncak,"https://www.akakce.com/bebek-bezi/en-ucuz-prima-premium-care-2-numara-mini-112-li-fiyati,366850056.html","{""variant_label"": ""2 Numara""}"
ABO018,Sleepy Extra Günlük Aktivite 4 Numara Maxi 208'li Bebek Bezi,Sleepy,"Anne, Bebek, Oyuncak",anne_bebek_oyuncak,"https://www.akakce.com/bebek-bezi/en-ucuz-sleepy-extra-gunluk-aktivite-4-numara-maxi-208-li-fiyati,400223435.html","{""variant_label"": ""4 Numara""}"
ABO019,Baby Turco Doğadan Pofuduk 5 Numara Junior 78'li 2 Adet Bebek Bezi,Baby Turco,"Anne, Bebek, Oyuncak",anne_bebek_oyuncak,"https://www.akakce.com/bebek-bezi/en-ucuz-baby-turco-dogadan-super-avantaj-paketi-pofuduk-5-numara-junior-156-adet-fiyati,1464584497.html","{""variant_label"": ""5 Numara""}"
ABO020,Molfix 5 Numara Junior 78'li Bebek Bezi,Molfix,"Anne, Bebek, Oyuncak",anne_bebek_oyuncak,"https://www.akakce.com/bebek-bezi/en-ucuz-molfix-5-beden-junior-78-li-super-firsat-paketi-fiyati,1586453232.html","{""variant_label"": ""5 Numara""}"
ABO021,Prima Premium Care 7 Numara XX Large 80'li Bebek Bezi,Prima,"Anne, Bebek, Oyuncak",anne_bebek_oyuncak,"https://www.akakce.com/bebek-bezi/en-ucuz-prima-premium-care-7-numara-xx-large-80-li-fiyati,790681078.html","{""variant_label"": ""7 Numara""}"
ABO022,Molfix Pure&Soft 6 Numara Extra Large 108'li Bebek Bezi,Molfix,"Anne, Bebek, Oyuncak",anne_bebek_oyuncak,"https://www.akakce.com/bebek-bezi/en-ucuz-molfix-pure-soft-6-beden-e-large-ultra-firsat-paketi-108-adet-fiyati,1538135535.html","{""variant_label"": ""6 Numara""}"
ABO023,Molfix 4 Numara Maxi 128'li Bebek Bezi,Molfix,"Anne, Bebek, Oyuncak",anne_bebek_oyuncak,"https://www.akakce.com/bebek-bezi/en-ucuz-molfix-4-numara-maxi-128-li-fiyati,1130148787.html","{""variant_label"": ""4 Numara""}"
ABO024,Prima Premium Care 3 Numara Midi 96'lı Bebek Bezi,Prima,"Anne, Bebek, Oyuncak",anne_bebek_oyuncak,"https://www.akakce.com/bebek-bezi/en-ucuz-prima-premium-care-3-numara-midi-96-li-fiyati,5916205.html","{""variant_label"": ""3 Numara""}"
ABO025,Prima Premium Care 4 Numara Maxi 84'lü Bebek Bezi,Prima,"Anne, Bebek, Oyuncak",anne_bebek_oyuncak,"https://www.akakce.com/bebek-bezi/en-ucuz-prima-premium-care-4-numara-maxi-84-lu-firsat-paketi-fiyati,668294684.html","{""variant_label"": ""4 Numara""}"
ABO026,Baby Turco Doğadan Pofuduk 6 Numara XLarge 62'li 3 Adet Bebek Bezi,Baby Turco,"Anne, Bebek, Oyuncak",anne_bebek_oyuncak,"https://www.akakce.com/bebek-bezi/en-ucuz-baby-turco-dogadan-mega-avantaj-paketi-pofuduk-6-numara-xlarge-186-adet-fiyati,1464583852.html","{""variant_label"": ""6 Numara""}"
ABO027,Prima Aktif 4 Numara Maxi 74'lü Bebek Bezi,Prima,"Anne, Bebek, Oyuncak",anne_bebek_oyuncak,"https://www.akakce.com/bebek-bezi/en-ucuz-prima-aktif-bebek-4-beden-maxi-74-adet-fiyati,6028138.html","{""variant_label"": ""4 Numara""}"
ABO028,Prima Premium Care 2 Numara Mini 60'lı Bebek Bezi,Prima,"Anne, Bebek, Oyuncak",anne_bebek_oyuncak,"https://www.akakce.com/bebek-bezi/en-ucuz-prima-premium-care-2-numara-mini-60-li-ekonomik-paket-fiyati,651971908.html","{""variant_label"": ""2 Numara""}"
ABO029,Sleepy Natural Double Soft 4 Numara Maxi 100'lü Bebek Bezi,Sleepy,"Anne, Bebek, Oyuncak",anne_bebek_oyuncak,"https://www.akakce.com/bebek-bezi/en-ucuz-sleepy-natural-double-soft-4-numara-maxi-100-lu-fiyati,1346601779.html","{""variant_label"": ""4 Numara""}"
ABO030,Prima Aktif 5 Numara Junior 46'lı 2 Adet Bebek Bezi,Prima,"Anne, Bebek, Oyuncak",anne_bebek_oyuncak,"https://www.akakce.com/bebek-bezi/en-ucuz-prima-aktif-bebek-5-numara-junior-46-li-2-paket-fiyati,430445839.html","{""variant_label"": ""5 Numara""}"
ABO031,Prima Aktif 6 Numara Extra Large 76'lı Bebek Bezi,Prima,"Anne, Bebek, Oyuncak",anne_bebek_oyuncak,"https://www.akakce.com/bebek-bezi/en-ucuz-prima-aktif-bebek-6-beden-extra-large-76-adet-fiyati,57788803.html","{""variant_label"": ""6 Numara""}"
ABO032,Sleepy Natural Double Soft 1 Numara Yenidoğan 50'li 4 Adet Bebek Bezi,Sleepy,"Anne, Bebek, Oyuncak",anne_bebek_oyuncak,"https://www.akakce.com/bebek-bezi/en-ucuz-sleepy-natural-double-soft-1-numara-yenidogan-200-lu-fiyati,1345714810.html","{""variant_label"": ""1 Numara""}"
ABO033,Philips Avent SCD838/11 Natural Response PP Yenidoğan Hediye Seti,Philips Avent,"Anne, Bebek, Oyuncak",anne_bebek_oyuncak,"https://www.akakce.com/biberon/en-ucuz-philips-avent-scd838-11-natural-response-pp-yenidogan-hediye-seti-fiyati,357315954.html","{""variant_label"": ""SCD838""}"
ABO034,Philips Avent SCY906/01 Natural Response PP 330 ml Biberon,Philips Avent,"Anne, Bebek, Oyuncak",anne_bebek_oyuncak,"https://www.akakce.com/biberon/en-ucuz-philips-avent-scy906-01-natural-response-pp-330-ml-fiyati,323713297.html","{""variant_label"": ""330 ml""}"
ABO035,Philips Avent SCY900/01 Natural Response PP 125 ml Biberon,Philips Avent,"Anne, Bebek, Oyuncak",anne_bebek_oyuncak,"https://www.akakce.com/biberon/en-ucuz-philips-avent-scy900-01-natural-response-pp-125-ml-fiyati,328155124.html","{""variant_label"": ""125 ml""}"
ABO036,Philips Avent SCY930/01 Natural Response 120 ml Cam Biberon,Philips Avent,"Anne, Bebek, Oyuncak",anne_bebek_oyuncak,"https://www.akakce.com/biberon/en-ucuz-philips-avent-scy930-01-natural-response-120-ml-cam-fiyati,323713302.html","{""variant_label"": ""120 ml""}"
ABO037,Philips Avent SCY933/01 Natural Response 240 ml Cam Biberon,Philips Avent,"Anne, Bebek, Oyuncak",anne_bebek_oyuncak,"https://www.akakce.com/biberon/en-ucuz-philips-avent-scy933-01-natural-response-240-ml-cam-fiyati,323713300.html","{""variant_label"": ""240 ml""}"
ABO038,Philips Avent SCY903/01 Natural Response PP 260 ml Biberon,Philips Avent,"Anne, Bebek, Oyuncak",anne_bebek_oyuncak,"https://www.akakce.com/biberon/en-ucuz-philips-avent-scy903-01-natural-response-pp-260-ml-fiyati,323713298.html","{""variant_label"": ""260 ml""}"
ABO039,Lansinoh NaturalWave 2'li 160 ml Biberon Seti,Lansinoh,"Anne, Bebek, Oyuncak",anne_bebek_oyuncak,"https://www.akakce.com/biberon/en-ucuz-lansinoh-natural-wave-2-li-160-ml-seti-fiyati,1076100424.html","{""variant_label"": ""2'li""}"
ABO040,Wee Baby 851 Klasik PP Biberon 125 ml,Wee Baby,"Anne, Bebek, Oyuncak",anne_bebek_oyuncak,"https://www.akakce.com/biberon/en-ucuz-wee-baby-851-klasik-pp-125-ml-fiyati,3129103.html","{""variant_label"": ""125 ml""}"
ABO041,Philips Avent SCD837/12 Natural Response PP Yenidoğan Hediye Seti,Philips Avent,"Anne, Bebek, Oyuncak",anne_bebek_oyuncak,"https://www.akakce.com/biberon/en-ucuz-philips-avent-scd837-12-natural-response-yenidogan-hediye-seti-fiyati,535504205.html","{""variant_label"": ""SCD837""}"
ABO042,Lansinoh NaturalWave 240 ml PP Biberon,Lansinoh,"Anne, Bebek, Oyuncak",anne_bebek_oyuncak,"https://www.akakce.com/biberon/en-ucuz-lansinoh-natural-wave-240-ml-fiyati,4747476.html","{""variant_label"": ""240 ml""}"
ABO043,Philips Avent SCY903/02 Natural Response PP 260 ml 2'li Biberon,Philips Avent,"Anne, Bebek, Oyuncak",anne_bebek_oyuncak,"https://www.akakce.com/biberon/en-ucuz-philips-avent-scy903-02-natural-response-pp-260-ml-2-li-fiyati,345960123.html","{""variant_label"": ""260 ml""}"
ABO044,Philips Avent SCY903/11 Natural Response PP 260 ml Pembe Biberon,Philips Avent,"Anne, Bebek, Oyuncak",anne_bebek_oyuncak,"https://www.akakce.com/biberon/en-ucuz-philips-avent-scy903-11-natural-response-pp-260-ml-pembe-fiyati,341448968.html","{""variant_label"": ""260 ml""}"
ABO045,Chicco Natural Feeling 0 Ay+ 150 ml Biberon,Chicco,"Anne, Bebek, Oyuncak",anne_bebek_oyuncak,"https://www.akakce.com/biberon/en-ucuz-chicco-natural-feeling-0-ay-150-ml-fiyati,3789531.html","{""variant_label"": ""0 Ay""}"
ABO046,Comotomo Yavaş Akışlı 0-3 Ay Yenidoğan Silikon Biberon 150 ml,Comotomo,"Anne, Bebek, Oyuncak",anne_bebek_oyuncak,"https://www.akakce.com/biberon/en-ucuz-comotomo-yavas-akisli-0-3-ay-yenidogan-silikon-150-ml-fiyati,2118877208.html","{""variant_label"": ""3 Ay""}"
ABO047,Wee Baby 877 Klasik Cam Biberon 125 ml Mavi,Wee Baby,"Anne, Bebek, Oyuncak",anne_bebek_oyuncak,"https://www.akakce.com/biberon/en-ucuz-wee-baby-877-klasik-cam-125-ml-mavi-fiyati,349485826.html","{""variant_label"": ""125 ml""}"
ABO048,Philips Avent SCF810/14 PP Antikolik Biberon 125 ml,Philips Avent,"Anne, Bebek, Oyuncak",anne_bebek_oyuncak,"https://www.akakce.com/biberon/en-ucuz-philips-avent-scf810-14-antikolik-125-ml-fiyati,785028391.html","{""variant_label"": ""125 ml""}"
ABO049,Lansinoh 60 ml XS Akış ve 160 ml S Akış Yenidoğan Biberon Seti,Lansinoh,"Anne, Bebek, Oyuncak",anne_bebek_oyuncak,"https://www.akakce.com/biberon/en-ucuz-lansinoh-60-ml-xs-akis-ve-160-ml-s-akis-yenidogan-seti-fiyati,1563665844.html","{""variant_label"": ""60 ml""}"
ABO050,Philips Avent SCF033/17 Natural 260 ml Biberon,Philips Avent,"Anne, Bebek, Oyuncak",anne_bebek_oyuncak,"https://www.akakce.com/biberon/en-ucuz-philips-avent-scf033-17-natural-260-ml-fiyati,615430753.html","{""variant_label"": ""260 ml""}"
SMT001,Calvin Klein Must K60K610294 Kadın Çapraz Çanta,Calvin Klein,"Saat, Moda, Takı, Ayakkabı",saat_moda_taki_ayakkabi,"https://www.akakce.com/omuz-cantasi/en-ucuz-calvin-klein-must-k60k610294-kadin-capraz-canta-fiyati,152373938.html","{""size_label"": ""K60K610294"", ""variant_label"": ""K60K610294""}"
SMT002,Calvin Klein Siyah Kadın Çapraz Çanta LV04F3511GUB1,Calvin Klein,"Saat, Moda, Takı, Ayakkabı",saat_moda_taki_ayakkabi,"https://www.akakce.com/omuz-cantasi/en-ucuz-calvin-klein-siyah-kadin-capraz-canta-lv04f3511gub1-fiyati,1453113687.html","{""size_label"": ""LV04F3511GUB1"", ""variant_label"": ""LV04F3511GUB1""}"
SMT003,Haegs 20 lt Termos Soğutucu Sırt Çantası,Haegs,"Saat, Moda, Takı, Ayakkabı",saat_moda_taki_ayakkabi,"https://www.akakce.com/kamp-buzlugu/en-ucuz-haegs-20-lt-termos-sirt-cantasi-fiyati,873314963.html","{""size_label"": ""20 lt"", ""variant_label"": ""20 lt""}"
SMT004,Calvin Klein Fermuarlı Ayarlanabilir Omuz Askılı Çanta Kadın Çanta K60K610275 Bds - Siyah,Calvin Klein,"Saat, Moda, Takı, Ayakkabı",saat_moda_taki_ayakkabi,"https://www.akakce.com/omuz-cantasi/en-ucuz-calvin-klein-fermuarli-ayarlanabilir-omuz-askili-canta-kadin-canta-k60k610275-bds-siyah-fiyati,760263464.html","{""size_label"": ""K60K610275"", ""variant_label"": ""K60K610275""}"
SMT005,Guess Vizon Kadın Çapraz Çanta HWTQ9720210,Guess,"Saat, Moda, Takı, Ayakkabı",saat_moda_taki_ayakkabi,"https://www.akakce.com/capraz-canta/en-ucuz-guess-vizon-kadin-hwtq9720210-fiyati,1592129955.html","{""size_label"": ""HWTQ9720210"", ""variant_label"": ""HWTQ9720210""}"
SMT006,Calvin Klein Bold Ck Camera LV04F3220G Kadın Omuz Çantası,Calvin Klein,"Saat, Moda, Takı, Ayakkabı",saat_moda_taki_ayakkabi,"https://www.akakce.com/omuz-cantasi/en-ucuz-calvin-klein-bold-ck-camera-lv04f3220g-kadin-fiyati,1290491295.html","{""size_label"": ""3220 g"", ""variant_label"": ""3220 g""}"
SMT007,Guess Noelle 4G Logo Mini HWBG9672730 Kadın Omuz Çantası,Guess,"Saat, Moda, Takı, Ayakkabı",saat_moda_taki_ayakkabi,"https://www.akakce.com/omuz-cantasi/en-ucuz-guess-noelle-4g-logo-mini-hwbg9672730-kadin-fiyati,1379760558.html","{""size_label"": ""4 g"", ""variant_label"": ""4 g""}"
SMT008,Calvin Klein Mavi Kadın Çapraz Çanta LV04F3165GRO3,Calvin Klein,"Saat, Moda, Takı, Ayakkabı",saat_moda_taki_ayakkabi,"https://www.akakce.com/omuz-cantasi/en-ucuz-calvin-klein-mavi-kadin-capraz-canta-lv04f3165gro3-fiyati,1465451742.html","{""size_label"": ""LV04F3165GRO3"", ""variant_label"": ""LV04F3165GRO3""}"
SMT009,Guess Antrasit Kadın Çapraz Çanta HWOS9924210,Guess,"Saat, Moda, Takı, Ayakkabı",saat_moda_taki_ayakkabi,"https://www.akakce.com/capraz-canta/en-ucuz-guess-antrasit-kadin-hwos9924210-fiyati,1592129962.html","{""size_label"": ""HWOS9924210"", ""variant_label"": ""HWOS9924210""}"
SMT010,Casio Standart AE-1200WHD-1AVDF Çelik Kordon Erkek Kol Saati,Casio,"Saat, Moda, Takı, Ayakkabı",saat_moda_taki_ayakkabi,"https://www.akakce.com/kol-saati/en-ucuz-casio-ae-1200whd-1avdf-fiyati,1856970.html","{""size_label"": ""AE-1200WHD-1AVDF"", ""variant_label"": ""AE-1200WHD-1AVDF""}"
SMT011,Casio Standart F-91W-1DG Siyah Kol Saati,Casio,"Saat, Moda, Takı, Ayakkabı",saat_moda_taki_ayakkabi,"https://www.akakce.com/kol-saati/en-ucuz-casio-f-91w-1dg-fiyati,541099.html","{""size_label"": ""91 W"", ""variant_label"": ""91 W""}"
SMT012,Citizen Tsuyosa x Seconde Limited Edition NJ0157-81L Erkek Kol Saati,Citizen,"Saat, Moda, Takı, Ayakkabı",saat_moda_taki_ayakkabi,"https://www.akakce.com/kol-saati/en-ucuz-citizen-tsuyosa-x-seconde-limited-edition-nj0157-81l-erkek-fiyati,1426378555.html","{""size_label"": ""81 L"", ""variant_label"": ""81 L""}"
SMT013,Casio Standart AE-1200WHL-5AVDF Deri Kordon Erkek Kol Saati,Casio,"Saat, Moda, Takı, Ayakkabı",saat_moda_taki_ayakkabi,"https://www.akakce.com/kol-saati/en-ucuz-casio-standart-ae-1200whl-5avdf-deri-kordon-erkek-fiyati,1148871897.html","{""size_label"": ""AE-1200WHL-5AVDF"", ""variant_label"": ""AE-1200WHL-5AVDF""}"
SMT014,Casio G-Shock GA-2100-1A1DR Siyah Erkek Kol Saati,Casio,"Saat, Moda, Takı, Ayakkabı",saat_moda_taki_ayakkabi,"https://www.akakce.com/kol-saati/en-ucuz-casio-ga-2100-1a1dr-erkek-fiyati,1006459331.html","{""size_label"": ""GA-2100-1A1DR"", ""variant_label"": ""GA-2100-1A1DR""}"
SMT015,Citizen Tsuyosa NJ0151-88M Turkuaz Erkek Kol Saati,Citizen,"Saat, Moda, Takı, Ayakkabı",saat_moda_taki_ayakkabi,"https://www.akakce.com/kol-saati/en-ucuz-citizen-tsuyosa-nj0151-88m-erkek-fiyati,131884699.html","{""size_label"": ""NJ0151-88M"", ""variant_label"": ""NJ0151-88M""}"
SMT016,Casio G-Shock GA-2100-1ADR Siyah-Gri Erkek Kol Saati,Casio,"Saat, Moda, Takı, Ayakkabı",saat_moda_taki_ayakkabi,"https://www.akakce.com/kol-saati/en-ucuz-casio-ga-2100-1adr-erkek-fiyati,888790022.html","{""size_label"": ""GA-2100-1ADR"", ""variant_label"": ""GA-2100-1ADR""}"
SMT017,Citizen Tsuyosa NJ015 Erkek Kol Saati,Citizen,"Saat, Moda, Takı, Ayakkabı",saat_moda_taki_ayakkabi,"https://www.akakce.com/kol-saati/en-ucuz-citizen-tsuyosa-nj0150-81-erkek-fiyati,718418653.html","{""size_label"": ""NJ015"", ""variant_label"": ""NJ015""}"
SMT018,Casio Standart A168WA-1WDF Kol Saati,Casio,"Saat, Moda, Takı, Ayakkabı",saat_moda_taki_ayakkabi,"https://www.akakce.com/kol-saati/en-ucuz-casio-a168wa-1wdf-fiyati,22676726.html","{""size_label"": ""A168WA-1WDF"", ""variant_label"": ""A168WA-1WDF""}"
SMT019,Casio G-Shock GM-2110D Erkek Kol Saati,Casio,"Saat, Moda, Takı, Ayakkabı",saat_moda_taki_ayakkabi,"https://www.akakce.com/kol-saati/en-ucuz-casio-g-shock-gm-2110d-erkek-fiyati,874998945.html","{""size_label"": ""GM-2110D"", ""variant_label"": ""GM-2110D""}"
SMT020,Casio G-Shock GA-B2100 Silikon Kordon Erkek Kol Saati,Casio,"Saat, Moda, Takı, Ayakkabı",saat_moda_taki_ayakkabi,"https://www.akakce.com/kol-saati/en-ucuz-casio-g-shock-ga-b2100-silikon-kordon-erkek-fiyati,852323390.html","{""size_label"": ""B2100"", ""variant_label"": ""B2100""}"
SMT021,Seiko 5 SNXS79 Siyah Erkek Kol Saati,Seiko,"Saat, Moda, Takı, Ayakkabı",saat_moda_taki_ayakkabi,"https://www.akakce.com/kol-saati/en-ucuz-seiko-snxs79k1-fiyati,107424906.html","{""size_label"": ""SNXS79"", ""variant_label"": ""SNXS79""}"
SMT022,Casio Retro A159WA-N1DF Kol Saati,Casio,"Saat, Moda, Takı, Ayakkabı",saat_moda_taki_ayakkabi,"https://www.akakce.com/kol-saati/en-ucuz-casio-retro-a159wa-n1df-fiyati,594247081.html","{""size_label"": ""A159WA-N1DF"", ""variant_label"": ""A159WA-N1DF""}"
SMT023,Citizen Tsuyosa NJ0150-81Z Turuncu Erkek Kol Saati,Citizen,"Saat, Moda, Takı, Ayakkabı",saat_moda_taki_ayakkabi,"https://www.akakce.com/kol-saati/en-ucuz-citizen-tsuyosa-nj0150-81z-erkek-fiyati,388024383.html","{""size_label"": ""NJ0150-81Z"", ""variant_label"": ""NJ0150-81Z""}"
SMT024,Seiko SSB345P Erkek Kol Saati,Seiko,"Saat, Moda, Takı, Ayakkabı",saat_moda_taki_ayakkabi,"https://www.akakce.com/kol-saati/en-ucuz-seiko-ssb345p-fiyati,545764208.html","{""size_label"": ""SSB345P"", ""variant_label"": ""SSB345P""}"
SMT025,Seiko 5 SNKL23 Erkek Kol Saati,Seiko,"Saat, Moda, Takı, Ayakkabı",saat_moda_taki_ayakkabi,"https://www.akakce.com/kol-saati/en-ucuz-seiko-snkl23k1-erkek-fiyati,1774447325.html","{""size_label"": ""SNKL23"", ""variant_label"": ""SNKL23""}"
SMT026,Casio Standart MTP-1374D Çelik Kordon Erkek Kol Saati,Casio,"Saat, Moda, Takı, Ayakkabı",saat_moda_taki_ayakkabi,"https://www.akakce.com/kol-saati/en-ucuz-casio-standart-mtp-1374d-celik-kordon-erkek-fiyati,619389834.html","{""size_label"": ""MTP-1374D"", ""variant_label"": ""MTP-1374D""}"
SMT027,Orient Kamasu RA-AA000 41.8 mm Çelik Kordon Erkek Kol Saati,Orient,"Saat, Moda, Takı, Ayakkabı",saat_moda_taki_ayakkabi,"https://www.akakce.com/kol-saati/en-ucuz-orient-sports-ra-aa000-41-8-mm-celik-kordon-erkek-fiyati,897982379.html","{""size_label"": ""41.8 mm"", ""variant_label"": ""41.8 mm""}"
SMT028,Casio G-Shock GA-B2100-1ADR Silikon Kordon Füme Erkek Kol Saati,Casio,"Saat, Moda, Takı, Ayakkabı",saat_moda_taki_ayakkabi,"https://www.akakce.com/kol-saati/en-ucuz-casio-ga-b2100-1adr-erkek-fiyati,1949764682.html","{""size_label"": ""B2100-1ADR"", ""variant_label"": ""B2100-1ADR""}"
SMT029,Seiko 5 Sports SKX SSK003 Çelik Kordon Mavi Erkek Kol Saati,Seiko,"Saat, Moda, Takı, Ayakkabı",saat_moda_taki_ayakkabi,"https://www.akakce.com/kol-saati/en-ucuz-seiko-ssk003k-erkek-fiyati,2001852691.html","{""size_label"": ""SSK003"", ""variant_label"": ""SSK003""}"
SMT030,Casio Standart F-91W Kol Saati,Casio,"Saat, Moda, Takı, Ayakkabı",saat_moda_taki_ayakkabi,"https://www.akakce.com/kol-saati/en-ucuz-casio-standart-f-91w-fiyati,722337211.html","{""size_label"": ""91 W"", ""variant_label"": ""91 W""}"
SMT031,Citizen Automatico NH9131-73L Çelik Kordon Mavi Erkek Kol Saati,Citizen,"Saat, Moda, Takı, Ayakkabı",saat_moda_taki_ayakkabi,"https://www.akakce.com/kol-saati/en-ucuz-citizen-automatico-nh913-73l-celik-kordon-mavi-erkek-fiyati,717493948.html","{""size_label"": ""73 L"", ""variant_label"": ""73 L""}"
SMT032,Citizen Tsuyosa NJ0150-56W Bordo Erkek Kol Saati,Citizen,"Saat, Moda, Takı, Ayakkabı",saat_moda_taki_ayakkabi,"https://www.akakce.com/kol-saati/en-ucuz-citizen-tsuyosa-nj0150-56w-bordo-erkek-fiyati,834606469.html","{""size_label"": ""56 W"", ""variant_label"": ""56 W""}"
SMT033,Seiko 5 Sports SKX SSK001 Çelik Kordon Siyah Erkek Kol Saati,Seiko,"Saat, Moda, Takı, Ayakkabı",saat_moda_taki_ayakkabi,"https://www.akakce.com/kol-saati/en-ucuz-seiko-5-sports-ssk001k-erkek-fiyati,189869102.html","{""size_label"": ""SSK001"", ""variant_label"": ""SSK001""}"
SMT034,Casio G-Shock G-Squad GBD-200-1DR Siyah Erkek Kol Saati,Casio,"Saat, Moda, Takı, Ayakkabı",saat_moda_taki_ayakkabi,"https://www.akakce.com/kol-saati/en-ucuz-casio-gbd-200-1dr-fiyati,1350737470.html","{""size_label"": ""GBD-200-1DR"", ""variant_label"": ""GBD-200-1DR""}"
SMT035,Seiko 5 Sports SKX SSK035 Çelik Kordon Yeşil Erkek Kol Saati,Seiko,"Saat, Moda, Takı, Ayakkabı",saat_moda_taki_ayakkabi,"https://www.akakce.com/kol-saati/en-ucuz-seiko-5-sports-skx-ssk035k-yesil-erkek-fiyati,765964878.html","{""size_label"": ""SSK035"", ""variant_label"": ""SSK035""}"
SMT036,New Balance 530 MR530SG Beyaz-Gri Spor Ayakkabı,New Balance,"Saat, Moda, Takı, Ayakkabı",saat_moda_taki_ayakkabi,"https://www.akakce.com/spor-ayakkabi/en-ucuz-new-balance-530-unisex-beyaz-lacivert-fiyati,397053744.html","{""size_label"": ""MR530SG"", ""variant_label"": ""MR530SG""}"
SMT037,New Balance 9060 U9060BLK Siyah-Gri Sneaker,New Balance,"Saat, Moda, Takı, Ayakkabı",saat_moda_taki_ayakkabi,"https://www.akakce.com/spor-ayakkabi/en-ucuz-new-balance-9060-black-castlerock-unisex-fiyati,678792881.html","{""size_label"": ""U9060BLK"", ""variant_label"": ""U9060BLK""}"
SMT038,New Balance 1906R M1906RER Beyaz-Gümüş-Siyah Sneaker,New Balance,"Saat, Moda, Takı, Ayakkabı",saat_moda_taki_ayakkabi,"https://www.akakce.com/spor-ayakkabi/en-ucuz-new-balance-1906r-m1906rer-beyaz-gumus-siyah-sneaker-fiyati,1047925703.html","{""size_label"": ""M1906RER"", ""variant_label"": ""M1906RER""}"
SMT039,Nike V5 RNR HJ5228 Erkek Spor Ayakkabı,Nike,"Saat, Moda, Takı, Ayakkabı",saat_moda_taki_ayakkabi,"https://www.akakce.com/spor-ayakkabi/en-ucuz-nike-v5-rnr-hj5228-erkek-fiyati,1084076381.html","{""size_label"": ""HJ5228"", ""variant_label"": ""HJ5228""}"
KMH001,Anatolian Dünya Haritası Puzzle 2000 Parça 3935,Anatolian,"Kitap, Müzik, Hobi",kitap_muzik_hobi,"https://www.akakce.com/puzzle/en-ucuz-anatolian-dunya-haritasi-2000-parca-3935-fiyati,2018361944.html","{""variant_label"": ""2000 Parça""}"
KMH002,CA Games Mona Lisa Puzzle 1000 Parça 7022,CA Games,"Kitap, Müzik, Hobi",kitap_muzik_hobi,"https://www.akakce.com/puzzle/en-ucuz-ca-games-mona-lisa-1000-parca-7022-fiyati,510076072.html","{""variant_label"": ""1000 Parça""}"
KMH003,Art Puzzle Kır Çiçekleri Puzzle 1000 Parça 5212,Art Puzzle,"Kitap, Müzik, Hobi",kitap_muzik_hobi,"https://www.akakce.com/puzzle/en-ucuz-art-kir-cicekleri-1000-parca-5212-fiyati,1879764486.html","{""variant_label"": ""1000 Parça""}"
KMH004,Anatolian Hayat Ağacı Puzzle 3000 Parça 4927,Anatolian,"Kitap, Müzik, Hobi",kitap_muzik_hobi,"https://www.akakce.com/puzzle/en-ucuz-anatolian-3000-parca-hayat-agaci-kod-4927-fiyati,32541882.html","{""variant_label"": ""3000 Parça""}"
KMH005,CubicFun Karanlıkta Parlayan Uçan Hollandalı Gemisi T4041H 360 Parça 3D Puzzle,CubicFun,"Kitap, Müzik, Hobi",kitap_muzik_hobi,"https://www.akakce.com/puzzle/en-ucuz-cubicfun-karanlikta-parlayan-ucan-hollandali-gemisi-t4041h-360-parca-3d-puzzle-fiyati,1613759139.html","{""variant_label"": ""360 Parça""}"
KMH006,Anatolian Roma Galerisi 4000 Parça Puzzle 5204,Anatolian,"Kitap, Müzik, Hobi",kitap_muzik_hobi,"https://www.akakce.com/puzzle/en-ucuz-anatolian-roma-galerisi-4000-parca-5204-fiyati,375650952.html","{""variant_label"": ""4000 Parça""}"
KMH007,Anatolian Limana Doğru 700 Parça XL Puzzle 2706,Anatolian,"Kitap, Müzik, Hobi",kitap_muzik_hobi,"https://www.akakce.com/puzzle/en-ucuz-anatolian-limana-dogru-700-parca-xl-2706-fiyati,1275829281.html","{""variant_label"": ""700 Parça""}"
KMH008,KS Games Blackpink 1000 Parça Puzzle 20783,KS Games,"Kitap, Müzik, Hobi",kitap_muzik_hobi,"https://www.akakce.com/puzzle/en-ucuz-ks-games-blackpink-1000-parca-20783-fiyati,493839845.html","{""variant_label"": ""1000 Parça""}"
KMH009,Anatolian İstanbul'un Fethi 1000 Parça Puzzle 1171,Anatolian,"Kitap, Müzik, Hobi",kitap_muzik_hobi,"https://www.akakce.com/puzzle/en-ucuz-anatolian-istanbul-un-fethi-1000-parca-1171-fiyati,812566028.html","{""variant_label"": ""1000 Parça""}"
KMH010,Art Puzzle Kaplumbağa Terbiyecisi Puzzle 1000 Parça 4452,Art Puzzle,"Kitap, Müzik, Hobi",kitap_muzik_hobi,"https://www.akakce.com/puzzle/en-ucuz-art-kaplumbaga-terbiyecisi-turtle-trainer-1000-parca-fiyati,755506.html","{""variant_label"": ""1000 Parça""}"
KMH011,Prime 3D Harry Potter Çift Taraflı 500 Parça Puzzle 37579,Prime 3D,"Kitap, Müzik, Hobi",kitap_muzik_hobi,"https://www.akakce.com/puzzle/en-ucuz-prime-3d-harry-potter-cift-tarafli-500-parca-puzzle-37579-fiyati,906555019.html","{""variant_label"": ""500 Parça""}"
KMH012,Oyuncu Yunuslar 500 Parça Yetişkin Puzzle,-,"Kitap, Müzik, Hobi",kitap_muzik_hobi,"https://www.akakce.com/puzzle/en-ucuz-oyuncu-yunuslar-500-parca-yetiskin-puzzle-fiyati,1612331138.html","{""variant_label"": ""500 Parça""}"
KMH013,Anatolian Kediler ve Kitaplar Puzzle 500 Parça 3618,Anatolian,"Kitap, Müzik, Hobi",kitap_muzik_hobi,"https://www.akakce.com/puzzle/en-ucuz-anatolian-500-parca-kediler-ve-kitaplar-3618-fiyati,144219256.html","{""variant_label"": ""500 Parça""}"
KMH014,Art Puzzle Yaz Modası Panorama Puzzle 1000 Parça 4332,Art Puzzle,"Kitap, Müzik, Hobi",kitap_muzik_hobi,"https://www.akakce.com/puzzle/en-ucuz-art-yaz-modasi-panorama-1000-parca-4332-fiyati,45223357.html","{""variant_label"": ""1000 Parça""}"
KMH015,Anatolian Ruh İkizi Puzzle 500 Parça 3587,Anatolian,"Kitap, Müzik, Hobi",kitap_muzik_hobi,"https://www.akakce.com/puzzle/en-ucuz-anatolian-500-parca-ruh-ikizi-3587-fiyati,18388545.html","{""variant_label"": ""500 Parça""}"
KMH016,Art Puzzle Maskeli Kuklacı Puzzle 500 Parça 5077,Art Puzzle,"Kitap, Müzik, Hobi",kitap_muzik_hobi,"https://www.akakce.com/puzzle/en-ucuz-5077-art-maskeli-kuklaci-500-parca-fiyati,6700457.html","{""variant_label"": ""500 Parça""}"
KMH017,Yappuzz Su Yolu 1000 Parça Puzzle,Yappuzz,"Kitap, Müzik, Hobi",kitap_muzik_hobi,"https://www.akakce.com/puzzle/en-ucuz-yappuzz-su-yolu-1000-parca-fiyati,938346841.html","{""variant_label"": ""1000 Parça""}"
KMH018,CubicFun 3D 66 Parça Kız Kulesi Puzzle,CubicFun,"Kitap, Müzik, Hobi",kitap_muzik_hobi,"https://www.akakce.com/puzzle/en-ucuz-cubicfun-3d-66-parca-kiz-kulesi-fiyati,5082667.html","{""variant_label"": ""66 Parça""}"
KMH019,Gepettoys Olimpia 1000 Parça Puzzle,Gepettoys,"Kitap, Müzik, Hobi",kitap_muzik_hobi,"https://www.akakce.com/puzzle/en-ucuz-gepettoys-olimpia-1000-parca-fiyati,1297406341.html","{""variant_label"": ""1000 Parça""}"
KMH020,Anatolian Kara Kedi 500 Parça Puzzle 3641,Anatolian,"Kitap, Müzik, Hobi",kitap_muzik_hobi,"https://www.akakce.com/puzzle/en-ucuz-anatolian-kara-kedi-500-parca-3641-fiyati,1227868826.html","{""variant_label"": ""500 Parça""}"
KMH021,CubicFun 3D 248 Parça San Felipe Puzzle T4017H,CubicFun,"Kitap, Müzik, Hobi",kitap_muzik_hobi,"https://www.akakce.com/puzzle/en-ucuz-cubicfun-3d-248-parca-san-felipe-fiyati,5081644.html","{""variant_label"": ""248 Parça""}"
KMH022,Anatolian Kaçış 2000 Parça Puzzle 3911,Anatolian,"Kitap, Müzik, Hobi",kitap_muzik_hobi,"https://www.akakce.com/puzzle/en-ucuz-anatolian-2000-parca-kacis-fiyati,2643736.html","{""variant_label"": ""2000 Parça""}"
KMH023,Asortili Puzzle 1000 Parça,-,"Kitap, Müzik, Hobi",kitap_muzik_hobi,"https://www.akakce.com/puzzle/en-ucuz-asortili-puzzle-1000-parca-fiyati,839083165.html","{""variant_label"": ""1000 Parça""}"
KMH024,Anatolian Mutfak Kedileri 1000 Parça Puzzle,Anatolian,"Kitap, Müzik, Hobi",kitap_muzik_hobi,"https://www.akakce.com/puzzle/en-ucuz-anatolian-mutfak-kedileri-1000-parca-1114-fiyati,1960458008.html","{""variant_label"": ""1000 Parça""}"
KMH025,Anatolian 1068 Toscana Keyfi 1000 Parça Puzzle,Anatolian,"Kitap, Müzik, Hobi",kitap_muzik_hobi,"https://www.akakce.com/puzzle/en-ucuz-anatolian-1068-toscana-keyfi-1000-parca-fiyati,1548405390.html","{""variant_label"": ""1000 Parça""}"
KMH026,KS Games Postage Stamps Gogh 1000 Parça Puzzle 20760,KS Games,"Kitap, Müzik, Hobi",kitap_muzik_hobi,"https://www.akakce.com/puzzle/en-ucuz-ks-games-postage-stamps-gogh-1000-parca-20760-fiyati,1256420523.html","{""variant_label"": ""1000 Parça""}"
KMH027,Anatolian Mavi Gece 500 Parça Puzzle 3639,Anatolian,"Kitap, Müzik, Hobi",kitap_muzik_hobi,"https://www.akakce.com/puzzle/en-ucuz-anatolian-mavi-gece-500-parca-3639-fiyati,897302965.html","{""variant_label"": ""500 Parça""}"
KMH028,Anatolian Argentina Theatre 3000 Parça Puzzle 4930,Anatolian,"Kitap, Müzik, Hobi",kitap_muzik_hobi,"https://www.akakce.com/puzzle/en-ucuz-anatolian-argentina-theatre-3000-parca-4930-fiyati,658772171.html","{""variant_label"": ""3000 Parça""}"
KMH029,CubicFun Galata Kulesi 3D Puzzle 17 Parça C098H,CubicFun,"Kitap, Müzik, Hobi",kitap_muzik_hobi,"https://www.akakce.com/puzzle/en-ucuz-cubicfun-3d-17-parca-galata-kulesi-fiyati,1268622.html","{""variant_label"": ""17 Parça""}"
KMH030,Ravensburger Times Meydanı Puzzle 1000 Parça 165698,Ravensburger,"Kitap, Müzik, Hobi",kitap_muzik_hobi,"https://www.akakce.com/puzzle/en-ucuz-ravensburger-1000-parca-times-meydani-rpb165698-fiyati,1364439632.html","{""variant_label"": ""1000 Parça""}"
KMH031,Anatolian Badem Ağacı 700 Parça XL Puzzle 2710,Anatolian,"Kitap, Müzik, Hobi",kitap_muzik_hobi,"https://www.akakce.com/puzzle/en-ucuz-anatolian-badem-agaci-700-parca-xl-puzzle-2710-fiyati,1227868818.html","{""variant_label"": ""700 Parça""}"
KMH032,Ibanez GRG121DX BKF GIO Siyah Flat Elektro Gitar,Ibanez,"Kitap, Müzik, Hobi",kitap_muzik_hobi,"https://www.akakce.com/gitar/en-ucuz-ibanez-grg121dx-bkf-gio-serisi-siyah-flat-elektro-fiyati,1283889836.html","{""variant_label"": ""GRG121DX""}"
KMH033,Cort EARTH70OP Open Pore Akustik Gitar,Cort,"Kitap, Müzik, Hobi",kitap_muzik_hobi,"https://www.akakce.com/gitar/en-ucuz-cort-earth70op-akustik-fiyati,818715238.html","{""variant_label"": ""EARTH70OP""}"
KMH034,Cort AD810 OP Open Pore 6 Telli Akustik Gitar,Cort,"Kitap, Müzik, Hobi",kitap_muzik_hobi,"https://www.akakce.com/gitar/en-ucuz-cort-ad810-op-akustik-fiyati,1121219502.html","{""variant_label"": ""AD810""}"
KMH035,Valencia VC204 Klasik Gitar,Valencia,"Kitap, Müzik, Hobi",kitap_muzik_hobi,"https://www.akakce.com/gitar/en-ucuz-valencia-vc204-fiyati,687967356.html","{""variant_label"": ""VC204""}"
KMH036,Ibanez GRG170DX-BKN GIO RG Serisi Black Night Elektro Gitar,Ibanez,"Kitap, Müzik, Hobi",kitap_muzik_hobi,"https://www.akakce.com/gitar/en-ucuz-ibanez-grg170dx-bkn-gio-rg-serisi-black-night-elektro-fiyati,1942854787.html","{""variant_label"": ""GRG170DX-BKN""}"
KMH037,Donner DST-700 Elektro Gitar,Donner,"Kitap, Müzik, Hobi",kitap_muzik_hobi,"https://www.akakce.com/gitar/en-ucuz-donner-dst-700-elektro-fiyati,826840426.html","{""variant_label"": ""DST-700""}"
KMH038,Valencia VC404 Klasik Gitar,Valencia,"Kitap, Müzik, Hobi",kitap_muzik_hobi,"https://www.akakce.com/gitar/en-ucuz-valencia-vc404-klasik-fiyati,914121825.html","{""variant_label"": ""VC404""}"
KMH039,Yamaha C40 Klasik Gitar,Yamaha,"Kitap, Müzik, Hobi",kitap_muzik_hobi,"https://www.akakce.com/gitar/en-ucuz-yamaha-c40-klasik-fiyati,849188817.html","{""variant_label"": ""C40""}"
KMH040,Ibanez GRX40-MGN Metallic Green Elektro Gitar,Ibanez,"Kitap, Müzik, Hobi",kitap_muzik_hobi,"https://www.akakce.com/gitar/en-ucuz-ibanez-grx40-mgn-metallic-green-elektro-fiyati,82991358.html","{""variant_label"": ""GRX40-MGN""}"
KMH041,Jackson JS22 DKA Dinky AH Elektro Gitar,Jackson,"Kitap, Müzik, Hobi",kitap_muzik_hobi,"https://www.akakce.com/gitar/en-ucuz-jackson-js22-dka-dinky-ah-elektro-fiyati,73226527.html","{""variant_label"": ""JS22""}"
KMH042,Midex CG-395BK 4/4 Kesik Kasa Siyah Klasik Gitar Seti,Midex,"Kitap, Müzik, Hobi",kitap_muzik_hobi,"https://www.akakce.com/gitar/en-ucuz-midex-cg-395bk-siyah-klasik-seti-fiyati,206538189.html","{""variant_label"": ""CG-395BK""}"
KMH043,ESP LTD EC-1000 Elektro Gitar,ESP,"Kitap, Müzik, Hobi",kitap_muzik_hobi,"https://www.akakce.com/gitar/en-ucuz-esp-ltd-ec-1000-vintage-black-elektro-fiyati,1309888362.html","{""variant_label"": ""EC-1000""}"
KMH044,Ibanez GRG131DX-BKF Elektro Gitar,Ibanez,"Kitap, Müzik, Hobi",kitap_muzik_hobi,"https://www.akakce.com/gitar/en-ucuz-ibanez-grg131dx-bkf-elektro-fiyati,817554690.html","{""variant_label"": ""GRG131DX-BKF""}"
KMH045,Yamaha Pacifica 112V Elektro Gitar,Yamaha,"Kitap, Müzik, Hobi",kitap_muzik_hobi,"https://www.akakce.com/gitar/en-ucuz-yamaha-pacifica-112v-elektro-fiyati,293817322.html","{""variant_label"": ""112 V""}"
KMH046,Cort G250SE Elektro Gitar,Cort,"Kitap, Müzik, Hobi",kitap_muzik_hobi,"https://www.akakce.com/gitar/en-ucuz-cort-g250se-elektro-fiyati,654251501.html","{""variant_label"": ""G250SE""}"
KMH047,Ibanez AZES40-BK HSS Trem Black Elektro Gitar,Ibanez,"Kitap, Müzik, Hobi",kitap_muzik_hobi,"https://www.akakce.com/gitar/en-ucuz-ibanez-azes40-bk-hss-trem-black-elektro-fiyati,372904274.html","{""variant_label"": ""AZES40-BK""}"
KMH048,Jackson JS22-7 King V KV HT Amaranth Klavye Satin Black Elektro Gitar,Jackson,"Kitap, Müzik, Hobi",kitap_muzik_hobi,"https://www.akakce.com/gitar/en-ucuz-jackson-js22-7-king-v-kv-ht-amaranth-klavye-satin-black-elektro-fiyati,804004595.html","{""variant_label"": ""JS22-7""}"
KMH049,Ibanez GRX20-BKN Elektro Gitar,Ibanez,"Kitap, Müzik, Hobi",kitap_muzik_hobi,"https://www.akakce.com/gitar/en-ucuz-ibanez-grx20-bkn-fiyati,955656695.html","{""variant_label"": ""GRX20-BKN""}"
KMH050,Donner DJP-1000 Semi-Hollow Elektro Gitar,Donner,"Kitap, Müzik, Hobi",kitap_muzik_hobi,"https://www.akakce.com/gitar/en-ucuz-donner-djp-1000-semi-hollow-elektro-fiyati,432007576.html","{""variant_label"": ""DJP-1000""}"
SPO001,Efsane Kamp Medium 2 Odalı 10 Kişilik Aile Çadırı,Efsane Kamp,"Spor, Outdoor",spor_outdoor,"https://www.akakce.com/cadir/en-ucuz-efsane-kamp-medium-10-kisilik-kamp-i-fiyati,464975497.html","{""variant_label"": ""10 Kişilik""}"
SPO002,Quechua MH100 XXL 4 Kişilik Çadır,Quechua,"Spor, Outdoor",spor_outdoor,"https://www.akakce.com/cadir/en-ucuz-quechua-mh100-xxl-4-kisilik-fiyati,1006873516.html","{""variant_label"": ""4 Kişilik""}"
SPO003,215x215x145 cm Tenteli 4 Kişilik Otomatik Çadır,-,"Spor, Outdoor",spor_outdoor,"https://www.akakce.com/cadir/en-ucuz-tam-otomatik-su-ve-ruzgar-gecirmez-golgelikli-tenteli-4-kisilik-kamp-i-215-215-145cm-renkli-fiyati,862081792.html","{""variant_label"": ""145 cm""}"
SPO004,Efsane Kamp 150x150x190 cm Duş Çadırı,Efsane Kamp,"Spor, Outdoor",spor_outdoor,"https://www.akakce.com/cadir/en-ucuz-efsane-kamp-150x150x190-cm-dus-wc-i-fiyati,225826012.html","{""variant_label"": ""190 cm""}"
SPO005,Prokamp Kamp Avcı Çadırı 3x3 Outdoor Tente Gölgelik Çardak Gazebo,-,"Spor, Outdoor",spor_outdoor,"https://www.akakce.com/cadir/en-ucuz-prokamp-kamp-avci-i-3x3-outdoor-tente-golgelik-cardak-gazebo-fiyati,1639604145.html","{""variant_label"": ""3x3""}"
SPO006,Aile Boyu Büyük Kamp Çadırı (2 Oda 1 Salon) + 2 Kamp Sandalyesi Hediyeli 420 X 305 X 200 Cm,-,"Spor, Outdoor",spor_outdoor,"https://www.akakce.com/cadir/en-ucuz-aile-boyu-buyuk-kamp-i-2-oda-1-salon-2-kamp-sandalyesi-hediyeli-420-x-305-x-200-cm-fiyati,1640606075.html","{""variant_label"": ""200 cm""}"
SPO007,Nurcamp 10 Kişilik Şişme Çadır,Nurcamp,"Spor, Outdoor",spor_outdoor,"https://www.akakce.com/cadir/en-ucuz-nurcamp-10-kisilik-sisme-fiyati,1429942677.html","{""variant_label"": ""10 Kişilik""}"
SPO008,Yussraw 2-4 kişi kamp çadırı seti taşınabilir otomatik 200x200x145 +lamba+yatak+yastık+pompa+hoparlör,-,"Spor, Outdoor",spor_outdoor,"https://www.akakce.com/kamp-seti/en-ucuz-yussraw-2-4-kisi-kamp-i-seti-tasinabilir-otomatik-200x200x145-lamba-yatak-yastik-pompa-hoparlor-fiyati,1072106491.html","{""variant_label"": ""200x200x145""}"
SPO009,Auhma Outdoor AC6637 240x240x160 cm 6 Kişilik Otomatik Çadır,Auhma Outdoor,"Spor, Outdoor",spor_outdoor,"https://www.akakce.com/cadir/en-ucuz-auhma-outdoor-ac6637-240x240x160-cm-6-kisilik-otomatik-fiyati,1461045637.html","{""variant_label"": ""160 cm""}"
SPO010,Nurcamp 430x305x203 cm 2 Odalı 2 Kişilik Çadır,Nurcamp,"Spor, Outdoor",spor_outdoor,"https://www.akakce.com/cadir/en-ucuz-nurcamp-430x305x203-cm-2-odali-2-kisilik-fiyati,1420855495.html","{""variant_label"": ""203 cm""}"
SPO011,Efsane Kamp 3 Odalı 12 Kişilik Aile Çadırı,Efsane Kamp,"Spor, Outdoor",spor_outdoor,"https://www.akakce.com/cadir/en-ucuz-efsane-kamp-aile-boy-12-kisilik-kamp-i-fiyati,409944455.html","{""variant_label"": ""12 Kişilik""}"
SPO012,VANCKEY 6 Kişilik Otomatik Kurulum Deprem Çift Katman Çadır Kamp Balık Ve Çocuk Çadırı 220cmx250cmx160cm,-,"Spor, Outdoor",spor_outdoor,"https://www.akakce.com/cadir/en-ucuz-vanckey-6-kisilik-otomatik-kurulum-deprem-cift-katman-kamp-balik-ve-cocuk-i-220cmx250cmx160cm-fiyati,1060823036.html","{""variant_label"": ""6 Kişilik""}"
SPO013,Quechua MH100 Fresh&Black 3 Kişilik Çadır,Quechua,"Spor, Outdoor",spor_outdoor,"https://www.akakce.com/cadir/en-ucuz-quechua-mh100-fresh-black-3-kisilik-kamp-i-fiyati,845360572.html","{""variant_label"": ""3 Kişilik""}"
SPO014,Post Alley 4 Kişilik Tam Otomatik Tenteli Kamp Çadırı Portatif Su Geçirmez UV Koruma Özellikli,-,"Spor, Outdoor",spor_outdoor,https://www.akakce.com/c/?z=134&s=0&v=12088&p=1154834471&c=17384&k=5555&g=1154834471&f=%2fr%2f%3fpr%3d1154834471%26vd%3d12088%26pg%3d1154834471,"{""variant_label"": ""4 Kişilik""}"
SPO015,Husky Baul 4 Kişilik Aile Çadırı,Husky,"Spor, Outdoor",spor_outdoor,"https://www.akakce.com/cadir/en-ucuz-husky-baul-yesil-4-kisilik-cadir-fiyati,1814334718.html","{""variant_label"": ""4 Kişilik""}"
SPO016,4 Kişilik Otomatik Çadır,-,"Spor, Outdoor",spor_outdoor,"https://www.akakce.com/cadir/en-ucuz-otomatik-kamp-i-4-kisilik-yesil-fiyati,1684519024.html","{""variant_label"": ""4 Kişilik""}"
SPO017,Realx 400x300x210 cm 12 Kişilik Şişme Çadır,Realx,"Spor, Outdoor",spor_outdoor,"https://www.akakce.com/cadir/en-ucuz-realx-400x300x210-cm-12-kisilik-sisme-fiyati,1141803438.html","{""variant_label"": ""210 cm""}"
SPO018,Zivu 2 Kişilik Otomatik Açılır Uv Korumalı Plaj Çadırı - Kamp ve Deniz Kenarı Için Gölgelik - Beyaz,-,"Spor, Outdoor",spor_outdoor,"https://www.akakce.com/cadir/en-ucuz-zivu-2-kisilik-otomatik-acilir-uv-korumali-plaj-i-kamp-ve-deniz-kenari-icin-golgelik-beyaz-fiyati,1632060144.html","{""variant_label"": ""2 Kişilik""}"
SPO019,Plaj Çadırı Tentesi 200x170x150 cm Yarı Otomatik Gölgelik Kamp Piknik Taşınabilir Tente - 3 Kişilik,-,"Spor, Outdoor",spor_outdoor,"https://www.akakce.com/cadir-aksesuari/en-ucuz-plaj-cadiri-tentesi-200x170x150-cm-yari-otomatik-golgelik-kamp-piknik-tasinabilir-tente-3-kisilik-fiyati,1564949216.html","{""variant_label"": ""150 cm""}"
SPO020,Onetick 10 Kişilik 2 Odalı Geniş Dayanıklı Tenteli Kamp Çadırı 430x305x200,Onetick,"Spor, Outdoor",spor_outdoor,"https://www.akakce.com/cadir/en-ucuz-onetick-10-kisilik-2-odali-genis-dayanikli-tenteli-kamp-i-430x305x200-fiyati,965340365.html","{""variant_label"": ""10 Kişilik""}"
SPO021,OBA ÇADIR - 2 Odalı + Mutfaklı - Kamp Çadırı 4-6 Kişilik ( Kapı Sineklikli )Turuncu,Oba,"Spor, Outdoor",spor_outdoor,"https://www.akakce.com/cadir/en-ucuz-oba-2-odali-mutfakli-kamp-i-4-6-kisilik-kapi-sineklikli-turuncu-fiyati,1577880140.html","{""variant_label"": ""6 Kişilik""}"
SPO022,Evolite Excamp 4 Pro 4 Kişilik Çadır,Evolite,"Spor, Outdoor",spor_outdoor,"https://www.akakce.com/cadir/en-ucuz-evolite-excamp-4-pro-fiyati,199464537.html","{""variant_label"": ""4 Kişilik""}"
SPO023,Tenteli Sineklikli Çift Kapılı 4 Kişilik Otomatik Çadır,-,"Spor, Outdoor",spor_outdoor,"https://www.akakce.com/cadir/en-ucuz-4-kisilik-otomatik-tenteli-kamp-cadiri-sineklikli-cift-kapili-kolay-kurulum-cadir-fiyati,618326365.html","{""variant_label"": ""4 Kişilik""}"
SPO024,Yussraw 4-8 Kişi 6 Gen Kamp Çadırı Seti Taşınabilir Otomatik 280x280x158 +Lamba+Yatak+Yastık+Pompa+Hoparlö,-,"Spor, Outdoor",spor_outdoor,"https://www.akakce.com/kamp-seti/en-ucuz-yussraw-4-8-kisi-6-gen-kamp-i-seti-tasinabilir-otomatik-280x280x158-lamba-yatak-yastik-pompa-hoparlo-fiyati,1102934463.html","{""variant_label"": ""280x280x158""}"
SPO025,6 Kişilik Altıgen Tam Otomatik Pencereli Aile Kamp Çadırı 270X270X160 - Haki,-,"Spor, Outdoor",spor_outdoor,"https://www.akakce.com/cadir/en-ucuz-6-kisilik-altigen-tam-otomatik-pencereli-aile-kamp-i-270x270x160-haki-fiyati,1339288020.html","{""variant_label"": ""6 Kişilik""}"
SPO026,240X240X175 cm 6 Kişilik Tenteli Kamp Çadırı,-,"Spor, Outdoor",spor_outdoor,"https://www.akakce.com/cadir/en-ucuz-6-kisilik-sisme-pratik-tenteli-kamp-i-240x240x175-fiyati,1377317413.html","{""variant_label"": ""175 cm""}"
SPO027,Yamaç Çadır Soba Baca Çıkışlı 8 Kişilik Kamp Çadırı,-,"Spor, Outdoor",spor_outdoor,"https://www.akakce.com/cadir/en-ucuz-yamac-soba-baca-cikisli-8-kisilik-kamp-i-fiyati,1424988745.html","{""variant_label"": ""8 Kişilik""}"
SPO028,Auhma Outdoor AC6636 210x210x140 cm 6 Kişilik Otomatik Çadır,Auhma Outdoor,"Spor, Outdoor",spor_outdoor,"https://www.akakce.com/cadir/en-ucuz-auhma-outdoor-ac6636-210x210x140-cm-6-kisilik-otomatik-fiyati,1587628920.html","{""variant_label"": ""140 cm""}"
SPO029,12 Kişilik Şişme Kamp Çadırı 4 Mevsim Deniz Çadır Oxford Kumaşlı Bej,-,"Spor, Outdoor",spor_outdoor,https://www.akakce.com/c/?z=134&s=0&v=11070&p=1607333182&c=15663&k=5555&g=1607333182&f=%2fr%2f%3fpr%3d1607333182%26vd%3d11070%26pg%3d1607333182,"{""variant_label"": ""12 Kişilik""}"
SPO030,Adidas Terrex Tracefinder 2 JI4285 Haki Erkek Koşu Ayakkabısı,Adidas,"Spor, Outdoor",spor_outdoor,"https://www.akakce.com/spor-ayakkabi/en-ucuz-adidas-terrex-tracefinder-2-ji4285-haki-erkek-kosu-ayakkabisi-fiyati,1076499742.html","{""variant_label"": ""JI4285""}"
SPO031,Nike Run Defy HM9594 Erkek Koşu Ayakkabısı,Nike,"Spor, Outdoor",spor_outdoor,"https://www.akakce.com/spor-ayakkabi/en-ucuz-nike-run-defy-hm9594-erkek-kosu-ayakkabisi-fiyati,1029876138.html","{""variant_label"": ""HM9594""}"
SPO032,Adidas Adizero Evo SL JH6206 Beyaz-Siyah Erkek Koşu Ayakkabısı,Adidas,"Spor, Outdoor",spor_outdoor,"https://www.akakce.com/spor-ayakkabi/en-ucuz-adidas-adizero-evo-jh6206-beyaz-siyah-erkek-kosu-ayakkabisi-fiyati,1000985876.html","{""variant_label"": ""JH6206""}"
SPO033,Nike Revolution 8 HJ9198 Erkek Koşu Ayakkabısı,Nike,"Spor, Outdoor",spor_outdoor,"https://www.akakce.com/spor-ayakkabi/en-ucuz-nike-revolution-8-hj9198-erkek-kosu-ayakkabisi-fiyati,1146314389.html","{""variant_label"": ""HJ9198""}"
SPO034,Adidas Runfalcon 5.0 IH7758 Siyah-Beyaz Erkek Koşu Ayakkabısı,Adidas,"Spor, Outdoor",spor_outdoor,"https://www.akakce.com/spor-ayakkabi/en-ucuz-adidas-runfalcon-5-0-ih7758-siyah-beyaz-erkek-kosu-ayakkabisi-fiyati,925133698.html","{""variant_label"": ""IH7758""}"
SPO035,Dambılcım Platinum 20 kg Dambıl Seti,Dambılcım,"Spor, Outdoor",spor_outdoor,"https://www.akakce.com/dambil/en-ucuz-cim-platinum-20-kg-halter-seti-fiyati,533404310.html","{""variant_label"": ""20 kg""}"
SPO036,Ecg Spor 58 kg Z Bar Halter ve Dambıl Seti,Ecg,"Spor, Outdoor",spor_outdoor,"https://www.akakce.com/dambil/en-ucuz-ecg-spor-58-kg-z-bar-halter-seti-ve-agirlik-fitness-seti-fiyati,775325689.html","{""variant_label"": ""58 kg""}"
SPO037,CK Spor Ayarlanabilir 3 In 1 Dumbell Ağırlık Seti Dambıl Halter Set Kettlebell 19-20 kg CKS171,-,"Spor, Outdoor",spor_outdoor,"https://www.akakce.com/dambil/en-ucuz-ck-spor-ayarlanabilir-3-in-1-dumbell-agirlik-seti-halter-set-kettlebell-19-20-kg-cks171-fiyati,1421019577.html","{""variant_label"": ""20 kg""}"
SPO038,Walke Premium 40 kg Dambıl Seti,Walke,"Spor, Outdoor",spor_outdoor,"https://www.akakce.com/dambil/en-ucuz-walke-premium-40-kg-seti-fiyati,1348842499.html","{""variant_label"": ""40 kg""}"
SPO039,Dambıl 38 kg Z Barlı ve Düz Barlı Dambıl Halter Seti,-,"Spor, Outdoor",spor_outdoor,"https://www.akakce.com/dambil/en-ucuz-38-kg-z-barli-ve-duz-barli-halter-seti-fiyati,1328244133.html","{""variant_label"": ""38 kg""}"
SPO040,10 Kg Dambıl Seti,-,"Spor, Outdoor",spor_outdoor,"https://www.akakce.com/dambil/en-ucuz-10-kg-seti-fiyati,2049225621.html","{""variant_label"": ""10 kg""}"
SPO041,Bezt Pro Sports 40 kg Ayarlanabilir Dambıl Seti 2'li,Bezt,"Spor, Outdoor",spor_outdoor,"https://www.akakce.com/dambil/en-ucuz-2-li-bezt-pro-sports-ayarlanabilir-seti-40kg-siyah-fiyati,1459058908.html","{""variant_label"": ""40 kg""}"
SPO042,Dynamic 15 kg Vinyl Dambıl Seti,Dynamic,"Spor, Outdoor",spor_outdoor,"https://www.akakce.com/dambil/en-ucuz-dynamic-15-kg-vinyl-set-fiyati,399158821.html","{""variant_label"": ""15 kg""}"
SPO043,Walke Premium 24 kg Ayarlanabilir Dambıl Seti,Walke,"Spor, Outdoor",spor_outdoor,"https://www.akakce.com/dambil/en-ucuz-walke-premium-24-kg-ayarlanabilir-seti-fiyati,1390269224.html","{""variant_label"": ""24 kg""}"
SPO044,Ecg Spor 20 kg Dambıl ve Ağırlık Seti,Ecg,"Spor, Outdoor",spor_outdoor,"https://www.akakce.com/dambil/en-ucuz-ecg-spor-20-kg-seti-ve-agirlik-seti-vucut-gelistirme-aleti-fiyati,793487253.html","{""variant_label"": ""20 kg""}"
SPO045,"Dambıl 35 kg Dambıl Seti (Dumbell), Halter Seti ve Ağırlık Seti",-,"Spor, Outdoor",spor_outdoor,"https://www.akakce.com/dambil/en-ucuz-35-kg-seti-dumbell-halter-seti-ve-agirlik-seti-fiyati,1563991583.html","{""variant_label"": ""35 kg""}"
SPO046,Dambıl 68 kg Z Bar Halter Seti ve Dambıl Seti,-,"Spor, Outdoor",spor_outdoor,"https://www.akakce.com/dambil/en-ucuz-68-kg-z-bar-halter-seti-ve-seti-fiyati,1436857773.html","{""variant_label"": ""68 kg""}"
SPO047,Moccastyle 68 kg Z Bar Megaset Halter ve Dambıl Seti,Moccastyle,"Spor, Outdoor",spor_outdoor,"https://www.akakce.com/dambil/en-ucuz-moccastyle-68-kg-z-bar-megaset-halter-ve-seti-fiyati,359034968.html","{""variant_label"": ""68 kg""}"
SPO048,Dambılcım Platinum 85 kg Dambıl Seti,Dambılcım,"Spor, Outdoor",spor_outdoor,"https://www.akakce.com/dambil/en-ucuz-cim-platinum-85-kg-halter-seti-fiyati,534540410.html","{""variant_label"": ""85 kg""}"
SPO049,50 Kg Çantalı Krom Dambıl Seti - Döküm Plaka Ve Bar Ağırlık Seti,-,"Spor, Outdoor",spor_outdoor,"https://www.akakce.com/dambil/en-ucuz-50-kg-cantali-krom-seti-dokum-plaka-ve-bar-agirlik-seti-fiyati,1193013277.html","{""variant_label"": ""50 kg""}"
SPO050,Leyaton 2x10 kg Plastik Dambıl,Leyaton,"Spor, Outdoor",spor_outdoor,"https://www.akakce.com/dambil/en-ucuz-leyaton-2x10-kg-seti-fiyati,2034774338.html","{""variant_label"": ""10 kg""}"
SBK001,Vichy Dercos Energy+ 400 ml Saç Dökülmesine Karşı Şampuan,Vichy,"Sağlık, Bakım, Kozmetik",saglik_bakim_kozmetik,"https://www.akakce.com/sampuan/en-ucuz-vichy-dercos-energisant-400-ml-dokulme-karsiti-fiyati,4735347.html","{""variant_label"": ""400 ml"", ""volume_ml"": 400}"
SBK002,Vichy Dercos Anti-Dandruff Normal ve Yağlı Saçlar için 390 ml Kepek Şampuanı,Vichy,"Sağlık, Bakım, Kozmetik",saglik_bakim_kozmetik,"https://www.akakce.com/sampuan/en-ucuz-vichy-dercos-normal-ve-yagli-saclar-kepek-karsiti-390-ml-fiyati,5315596.html","{""variant_label"": ""390 ml"", ""volume_ml"": 390}"
SBK003,Bioxcin Forte 3x300 ml Saç Dökülmesine Karşı Şampuan,Bioxcin,"Sağlık, Bakım, Kozmetik",saglik_bakim_kozmetik,"https://www.akakce.com/sampuan/en-ucuz-bioxcin-forte-300-ml-3-al-2-ode-fiyati,1496322.html","{""variant_label"": ""300 ml"", ""volume_ml"": 300}"
SBK004,Head & Shoulders Clinical Strength 400 ml Kepek Şampuanı,Head & Shoulders,"Sağlık, Bakım, Kozmetik",saglik_bakim_kozmetik,"https://www.akakce.com/sampuan/en-ucuz-head-shoulders-clinical-strength-400-ml-fiyati,5752737.html","{""variant_label"": ""400 ml"", ""volume_ml"": 400}"
SBK005,Vichy Dercos Anti-Dandruff 390 ml Kepek Şampuanı,Vichy,"Sağlık, Bakım, Kozmetik",saglik_bakim_kozmetik,"https://www.akakce.com/sampuan/en-ucuz-vichy-dercos-kepek-karsiti-390-ml-fiyati,624150710.html","{""variant_label"": ""390 ml"", ""volume_ml"": 390}"
SBK006,Vichy Dercos Anti-Dandruff Kuru Saçlar için 390 ml Kepek Şampuanı,Vichy,"Sağlık, Bakım, Kozmetik",saglik_bakim_kozmetik,"https://www.akakce.com/sampuan/en-ucuz-vichy-dercos-kuru-saclar-kepek-karsiti-390-ml-fiyati,7711297.html","{""variant_label"": ""390 ml"", ""volume_ml"": 390}"
SBK007,Sebamed 400 ml Saç Dökülmesine Karşı Şampuan,Sebamed,"Sağlık, Bakım, Kozmetik",saglik_bakim_kozmetik,"https://www.akakce.com/sampuan/en-ucuz-sebamed-sac-dokulmesine-karsi-etkili-400-ml-fiyati,2381726.html","{""variant_label"": ""400 ml"", ""volume_ml"": 400}"
SBK008,Clear Men Cool Sport Menthol 600 ml Kepek Şampuanı,Clear,"Sağlık, Bakım, Kozmetik",saglik_bakim_kozmetik,"https://www.akakce.com/sampuan/en-ucuz-clear-men-cool-sport-menthol-600-ml-fiyati,624679340.html","{""variant_label"": ""600 ml"", ""volume_ml"": 600}"
SBK009,Head & Shoulders Klasik Bakım 800 ml Kepek Şampuanı,Head & Shoulders,"Sağlık, Bakım, Kozmetik",saglik_bakim_kozmetik,"https://www.akakce.com/sampuan/en-ucuz-head-shoulders-klasik-bakim-800-ml-kepek-i-fiyati,925383270.html","{""variant_label"": ""800 ml"", ""volume_ml"": 800}"
SBK010,Ducray Anaphase Reactive 400 ml Saç Dökülmesine Karşı Şampuan,Ducray,"Sağlık, Bakım, Kozmetik",saglik_bakim_kozmetik,"https://www.akakce.com/sampuan/en-ucuz-ducray-anaphase-plus-400-ml-sac-dokulme-karsiti-fiyati,5701711.html","{""variant_label"": ""400 ml"", ""volume_ml"": 400}"
SBK011,Sebamed Her Gün Kullanım 400 ml Şampuan,Sebamed,"Sağlık, Bakım, Kozmetik",saglik_bakim_kozmetik,"https://www.akakce.com/sampuan/en-ucuz-sebamed-her-gun-kullanim-400-ml-fiyati,249062.html","{""variant_label"": ""400 ml"", ""volume_ml"": 400}"
SBK012,Vichy Dercos Anti-Dandruff Normal ve Yağlı Saçlar için 390 ml 2 Adet Kepek Şampuanı,Vichy,"Sağlık, Bakım, Kozmetik",saglik_bakim_kozmetik,"https://www.akakce.com/sampuan/en-ucuz-vichy-dercos-normal-ve-yagli-saclar-kepek-karsiti-390-ml-2-adet-fiyati,1039116070.html","{""variant_label"": ""390 ml"", ""volume_ml"": 390}"
SBK013,Sebamed 400 ml Kepek Şampuanı,Sebamed,"Sağlık, Bakım, Kozmetik",saglik_bakim_kozmetik,"https://www.akakce.com/sampuan/en-ucuz-sebamed-kepek-onleyici-400-ml-fiyati,256553.html","{""variant_label"": ""400 ml"", ""volume_ml"": 400}"
SBK014,Clear Men Scalp Pro 300 ml Saç Dökülmesine Karşı Şampuan,Clear,"Sağlık, Bakım, Kozmetik",saglik_bakim_kozmetik,"https://www.akakce.com/sampuan/en-ucuz-clear-men-scalp-pro-guclendirici-sac-dokulmesine-ve-kepege-karsi-etkili-300-ml-fiyati,319519015.html","{""variant_label"": ""300 ml"", ""volume_ml"": 300}"
SBK015,Clear Men Cool Sport Menthol 600 ml 3 Adet Kepek Şampuanı,Clear,"Sağlık, Bakım, Kozmetik",saglik_bakim_kozmetik,"https://www.akakce.com/sampuan/en-ucuz-clear-men-cool-sport-menthol-600-ml-3-adet-fiyati,696149623.html","{""variant_label"": ""600 ml"", ""volume_ml"": 600}"
SBK016,Bioblas Siyah Sarımsaklı 1000 ml Saç Dökülmesine Karşı Şampuan,Bioblas,"Sağlık, Bakım, Kozmetik",saglik_bakim_kozmetik,"https://www.akakce.com/sampuan/en-ucuz-bioblas-siyah-sarimsakli-dokulme-karsiti-1000-ml-fiyati,405803478.html","{""variant_label"": ""1000 ml"", ""volume_ml"": 1000}"
SBK017,Softto Plus Black Hair 350 ml Siyah Şampuan,Softto Plus,"Sağlık, Bakım, Kozmetik",saglik_bakim_kozmetik,"https://www.akakce.com/sampuan/en-ucuz-softto-plus-plus-sac-siyahlastirici-bitkisel-350-ml-fiyati,687534751.html","{""variant_label"": ""350 ml"", ""volume_ml"": 350}"
SBK018,Just For Men ControlGX Gri Azaltıcı 118 ml Şampuan,Just For Men,"Sağlık, Bakım, Kozmetik",saglik_bakim_kozmetik,"https://www.akakce.com/sampuan/en-ucuz-just-for-men-control-gx-sac-siyahlastirici-118-ml-fiyati,976415124.html","{""variant_label"": ""118 ml"", ""volume_ml"": 118}"
SBK019,Pantene Onarıcı ve Koruyucu 800 ml Şampuan,Pantene,"Sağlık, Bakım, Kozmetik",saglik_bakim_kozmetik,"https://www.akakce.com/sampuan/en-ucuz-pantene-onarici-ve-koruyucu-800-ml-fiyati,955327009.html","{""variant_label"": ""800 ml"", ""volume_ml"": 800}"
SBK020,Prozinc Plus 3x300 ml Saç Dökülmesine Karşı Şampuan,Prozinc,"Sağlık, Bakım, Kozmetik",saglik_bakim_kozmetik,"https://www.akakce.com/sampuan/en-ucuz-prozinc-plus-300-ml-sac-dokulmesine-karsi-etkili-3-al-2-ode-fiyati,2354582.html","{""variant_label"": ""300 ml"", ""volume_ml"": 300}"
SBK021,Ogx Biotin & Collagen Dolgunlaştırıcı 385 ml Sülfatsız Şampuan,Ogx,"Sağlık, Bakım, Kozmetik",saglik_bakim_kozmetik,"https://www.akakce.com/sampuan/en-ucuz-ogx-biotin-collagen-385-ml-full-dolgunlastirici-fiyati,2012489.html","{""variant_label"": ""385 ml"", ""volume_ml"": 385}"
SBK022,Kerastase Densifique Bain Densite Homme 250 ml Şampuan,Kerastase,"Sağlık, Bakım, Kozmetik",saglik_bakim_kozmetik,"https://www.akakce.com/sampuan/en-ucuz-kerastase-homme-densifique-bain-densite-250-ml-yogunluk-kazandiran-fiyati,7752448.html","{""variant_label"": ""250 ml"", ""volume_ml"": 250}"
SBK023,Bioxcin Aqua Thermal DS 200 ml Yoğun Kepek Şampuanı,Bioxcin,"Sağlık, Bakım, Kozmetik",saglik_bakim_kozmetik,"https://www.akakce.com/sampuan/en-ucuz-bioxcin-aqua-thermal-ds-200-ml-yogun-kepek-karsiti-fiyati,101023627.html","{""variant_label"": ""200 ml"", ""volume_ml"": 200}"
SBK024,Sea Color Man Black No White 250 ml Şampuan,Sea Color,"Sağlık, Bakım, Kozmetik",saglik_bakim_kozmetik,"https://www.akakce.com/sampuan/en-ucuz-sea-color-man-black-no-white-250-ml-fiyati,1280564553.html","{""variant_label"": ""250 ml"", ""volume_ml"": 250}"
SBK025,Sebamed 1000 ml Kepek Şampuanı,Sebamed,"Sağlık, Bakım, Kozmetik",saglik_bakim_kozmetik,"https://www.akakce.com/sampuan/en-ucuz-sebamed-kepek-onleyici-1000-ml-fiyati,1163686404.html","{""variant_label"": ""1000 ml"", ""volume_ml"": 1000}"
SBK026,Vichy Dercos Neogenic 400 ml Şampuan,Vichy,"Sağlık, Bakım, Kozmetik",saglik_bakim_kozmetik,"https://www.akakce.com/sampuan/en-ucuz-vichy-dercos-neogenic-yogunlastirici-400-ml-hacim-saglayan-fiyati,5067839.html","{""variant_label"": ""400 ml"", ""volume_ml"": 400}"
SBK027,Prozinc Arındırıcı 3x300 ml Şampuan,Prozinc,"Sağlık, Bakım, Kozmetik",saglik_bakim_kozmetik,"https://www.akakce.com/sampuan/en-ucuz-prozinc-normal-ve-yagli-saclar-300-ml-3-al-2-ode-fiyati,1765156.html","{""variant_label"": ""300 ml"", ""volume_ml"": 300}"
SBK028,Ducray Kelual DS 100 ml Kepek Şampuanı,Ducray,"Sağlık, Bakım, Kozmetik",saglik_bakim_kozmetik,"https://www.akakce.com/sampuan/en-ucuz-ducray-kelual-ds-100-ml-fiyati,1269662.html","{""variant_label"": ""100 ml"", ""volume_ml"": 100}"
SBK029,TTO Thermal Black 500 ml Saç ve Vücut Şampuan,TTO,"Sağlık, Bakım, Kozmetik",saglik_bakim_kozmetik,"https://www.akakce.com/sampuan/en-ucuz-tto-black-sac-ve-vucut-500-ml-fiyati,315533884.html","{""variant_label"": ""500 ml"", ""volume_ml"": 500}"
SBK030,Alpecin C1 Kafein İçeren 250 ml Saç Dökülmesine Karşı Şampuan,Alpecin,"Sağlık, Bakım, Kozmetik",saglik_bakim_kozmetik,"https://www.akakce.com/sampuan/en-ucuz-alpecin-caffeine-250-ml-dokulme-karsiti-kafein-fiyati,1248040.html","{""variant_label"": ""250 ml"", ""volume_ml"": 250}"
SBK031,Bioxcin Keratin & Argan 3x300 ml Onarıcı Şampuan,Bioxcin,"Sağlık, Bakım, Kozmetik",saglik_bakim_kozmetik,"https://www.akakce.com/sampuan/en-ucuz-bioxcin-keratin-argan-3x300-ml-onarici-fiyati,765398410.html","{""variant_label"": ""300 ml"", ""volume_ml"": 300}"
SBK032,Bioxcin Siyah Sarımsaklı 3x300 ml Saç Dökülmesine Karşı Şampuan,Bioxcin,"Sağlık, Bakım, Kozmetik",saglik_bakim_kozmetik,"https://www.akakce.com/sampuan/en-ucuz-bioxcin-sac-dokulmesine-karsi-siyah-sarimsak-300-ml-3-al-2-ode-fiyati,679705596.html","{""variant_label"": ""300 ml"", ""volume_ml"": 300}"
SBK033,Louis Vuitton Imagination EDP 100 ml Erkek Parfüm,Louis Vuitton,"Sağlık, Bakım, Kozmetik",saglik_bakim_kozmetik,"https://www.akakce.com/parfum/en-ucuz-louis-vuitton-imagination-edp-100-ml-erkek-fiyati,1088478552.html","{""variant_label"": ""100 ml"", ""volume_ml"": 100}"
SBK034,Emporio Armani Stronger With You Intensely EDP 100 ml Erkek Parfüm,Emporio Armani,"Sağlık, Bakım, Kozmetik",saglik_bakim_kozmetik,"https://www.akakce.com/parfum/en-ucuz-emporio-armani-stronger-with-you-intensely-edp-100-ml-erkek-fiyati,425392523.html","{""variant_label"": ""100 ml"", ""volume_ml"": 100}"
SBK035,Afnan Supremacy Collector's Edition EDP 100 ml Erkek Parfüm,Afnan,"Sağlık, Bakım, Kozmetik",saglik_bakim_kozmetik,"https://www.akakce.com/parfum/en-ucuz-afnan-supremacy-collector-s-edition-100-ml-erkek-fiyati,1039451220.html","{""variant_label"": ""100 ml"", ""volume_ml"": 100}"
SBK036,Creed Aventus EDP 100 ml Erkek Parfüm,Creed,"Sağlık, Bakım, Kozmetik",saglik_bakim_kozmetik,"https://www.akakce.com/parfum/en-ucuz-creed-aventus-edp-100-ml-erkek-fiyati,100080076.html","{""variant_label"": ""100 ml"", ""volume_ml"": 100}"
SBK037,Essential Parfums Bois Imperial EDP 100 ml Erkek Parfüm,Essential Parfums,"Sağlık, Bakım, Kozmetik",saglik_bakim_kozmetik,"https://www.akakce.com/parfum/en-ucuz-essential-parfums-bois-imperial-edp-100-ml-erkek-fiyati,122734498.html","{""variant_label"": ""100 ml"", ""volume_ml"": 100}"
SBK038,Afnan 9 PM EDP 100 ml Erkek Parfümü,Afnan,"Sağlık, Bakım, Kozmetik",saglik_bakim_kozmetik,"https://www.akakce.com/parfum/en-ucuz-afnan-9-pm-edp-100-ml-erkek-u-fiyati,682098435.html","{""variant_label"": ""100 ml"", ""volume_ml"": 100}"
SBK039,Versace Eros EDP 100 ml Erkek Parfüm,Versace,"Sağlık, Bakım, Kozmetik",saglik_bakim_kozmetik,"https://www.akakce.com/parfum/en-ucuz-versace-eros-edp-100-ml-erkek-fiyati,829360215.html","{""variant_label"": ""100 ml"", ""volume_ml"": 100}"
SBK040,Lattafa Asad EDP 100 ml Erkek Parfüm,Lattafa,"Sağlık, Bakım, Kozmetik",saglik_bakim_kozmetik,"https://www.akakce.com/parfum/en-ucuz-lattafa-asad-edp-100-ml-erkek-fiyati,586832420.html","{""variant_label"": ""100 ml"", ""volume_ml"": 100}"
SBK041,Armaf Club De Nuit Intense EDT 105 ml Erkek Parfüm,Armaf,"Sağlık, Bakım, Kozmetik",saglik_bakim_kozmetik,"https://www.akakce.com/parfum/en-ucuz-armaf-club-de-nuit-intense-edt-105-ml-fiyati,322112592.html","{""variant_label"": ""105 ml"", ""volume_ml"": 105}"
SBK042,Lattafa Khamrah Qahwa EDP 100 ml Parfüm,Lattafa,"Sağlık, Bakım, Kozmetik",saglik_bakim_kozmetik,"https://www.akakce.com/parfum/en-ucuz-lattafa-khamrah-qahwa-edp-100-ml-fiyati,683653646.html","{""variant_label"": ""100 ml"", ""volume_ml"": 100}"
SBK043,Armaf Club De Nuit Sillage EDP 105 ml Parfüm,Armaf,"Sağlık, Bakım, Kozmetik",saglik_bakim_kozmetik,"https://www.akakce.com/parfum/en-ucuz-armaf-club-de-nuit-sillage-edp-105-ml-unisex-fiyati,1125819247.html","{""variant_label"": ""105 ml"", ""volume_ml"": 105}"
SBK044,French Avenue Vulcan Feu EDP 100 ml Parfüm,French Avenue,"Sağlık, Bakım, Kozmetik",saglik_bakim_kozmetik,"https://www.akakce.com/parfum/en-ucuz-french-avenue-vulcan-feu-edp-100-ml-fiyati,1213467149.html","{""variant_label"": ""100 ml"", ""volume_ml"": 100}"
SBK045,Calvin Klein Ck One EDT 200 ml Parfüm,Calvin Klein,"Sağlık, Bakım, Kozmetik",saglik_bakim_kozmetik,"https://www.akakce.com/parfum/en-ucuz-calvin-klein-ck-one-edt-200-ml-unisex-fiyati,383884.html","{""variant_label"": ""200 ml"", ""volume_ml"": 200}"
SBK046,Dior Sauvage EDT 100 ml Erkek Parfüm,Dior,"Sağlık, Bakım, Kozmetik",saglik_bakim_kozmetik,"https://www.akakce.com/parfum/en-ucuz-dior-sauvage-edt-100-ml-erkek-fiyati,5614498.html","{""variant_label"": ""100 ml"", ""volume_ml"": 100}"
SBK047,Lattafa Khamrah EDP 100 ml Parfüm,Lattafa,"Sağlık, Bakım, Kozmetik",saglik_bakim_kozmetik,"https://www.akakce.com/parfum/en-ucuz-lattafa-khamrah-edp-100-ml-fiyati,875213224.html","{""variant_label"": ""100 ml"", ""volume_ml"": 100}"
SBK048,Dior Sauvage Elixir 60 ml Erkek Parfüm,Dior,"Sağlık, Bakım, Kozmetik",saglik_bakim_kozmetik,"https://www.akakce.com/parfum/en-ucuz-c-dior-sauvage-elixir-edp-erkek-60-ml-fiyati,1446563610.html","{""variant_label"": ""60 ml"", ""volume_ml"": 60}"
SBK049,French Avenue Liquid Brun EDP 100 ml Erkek Parfüm,French Avenue,"Sağlık, Bakım, Kozmetik",saglik_bakim_kozmetik,"https://www.akakce.com/parfum/en-ucuz-french-avenue-liquid-brun-edp-100-ml-erkek-fiyati,1018454042.html","{""variant_label"": ""100 ml"", ""volume_ml"": 100}"
SBK050,Orto Parisi Megamare Parfum 50 ml Parfüm,Orto Parisi,"Sağlık, Bakım, Kozmetik",saglik_bakim_kozmetik,"https://www.akakce.com/parfum/en-ucuz-orto-parisi-megamare-edp-50-ml-fiyati,379290547.html","{""variant_label"": ""50 ml"", ""volume_ml"": 50}"
OBY001,Shell Helix Ultra Professional AG 5W-30 5 lt Motor Yağı,Shell,"Oto, Bahçe, Yapı Market",oto_bahce_yapi_market,"https://www.akakce.com/motor-yagi/en-ucuz-shell-helix-ultra-professional-ag-5w-30-5-lt-fiyati,487109151.html","{""variant_label"": ""5 W""}"
OBY002,Castrol Magnatec 10W-40 A3/B4 4 lt Motor Yağı,Castrol,"Oto, Bahçe, Yapı Market",oto_bahce_yapi_market,"https://www.akakce.com/motor-yagi/en-ucuz-castrol-magnatec-10w-40-a3-b4-4-lt-fiyati,93995.html","{""variant_label"": ""10 W""}"
OBY003,Castrol Edge 5W-30 LL 5 lt Motor Yağı,Castrol,"Oto, Bahçe, Yapı Market",oto_bahce_yapi_market,"https://www.akakce.com/motor-yagi/en-ucuz-castrol-edge-5w-30-ll-5-lt-fiyati,94332874.html","{""variant_label"": ""5 W""}"
OBY004,Liqui Moly Top Tec 4200 5W-30 5 lt Motor Yağı,Liqui Moly,"Oto, Bahçe, Yapı Market",oto_bahce_yapi_market,"https://www.akakce.com/motor-yagi/en-ucuz-liqui-moly-top-tec-4200-5w-30-5-lt-fiyati,456596411.html","{""variant_label"": ""5 W""}"
OBY005,Motul 8100 X-Clean EFE 5W-30 5 lt Motor Yağı,Motul,"Oto, Bahçe, Yapı Market",oto_bahce_yapi_market,"https://www.akakce.com/motor-yagi/en-ucuz-motul-8100-x-clean-efe-5w-30-5-lt-fiyati,555294898.html","{""variant_label"": ""5 W""}"
OBY006,Elf Evolution Full-Tech FE 5W-30 5 lt Motor Yağı,Elf,"Oto, Bahçe, Yapı Market",oto_bahce_yapi_market,"https://www.akakce.com/motor-yagi/en-ucuz-elf-evolution-full-tech-fe-5w-30-5-lt-fiyati,349215495.html","{""variant_label"": ""5 W""}"
OBY007,Castrol Edge 5W-30 LL 4 lt Motor Yağı,Castrol,"Oto, Bahçe, Yapı Market",oto_bahce_yapi_market,"https://www.akakce.com/motor-yagi/en-ucuz-castrol-edge-5w-30-ll-4-lt-fiyati,3264350.html","{""variant_label"": ""5 W""}"
OBY008,Motul 8100 X-Cess Gen2 5W-40 5 lt Motor Yağı,Motul,"Oto, Bahçe, Yapı Market",oto_bahce_yapi_market,"https://www.akakce.com/motor-yagi/en-ucuz-motul-8100-x-cess-gen2-5w-40-5-lt-fiyati,95338656.html","{""variant_label"": ""5 W""}"
OBY009,Shell Helix HX7 10W-40 4 lt Motor Yağı,Shell,"Oto, Bahçe, Yapı Market",oto_bahce_yapi_market,"https://www.akakce.com/motor-yagi/en-ucuz-shell-helix-hx7-10w-40-4-lt-fiyati,577999587.html","{""variant_label"": ""10 W""}"
OBY010,Petrol Ofisi Maxima 5W-40 4 lt Motor Yağı,Petrol Ofisi,"Oto, Bahçe, Yapı Market",oto_bahce_yapi_market,"https://www.akakce.com/motor-yagi/en-ucuz-petrol-ofisi-maxima-5w-40-4-lt-fiyati,155705.html","{""variant_label"": ""5 W""}"
OBY011,Castrol Magnatec Stop-Start 5W-30 A5 4 lt Motor Yağı,Castrol,"Oto, Bahçe, Yapı Market",oto_bahce_yapi_market,"https://www.akakce.com/motor-yagi/en-ucuz-castrol-magnatec-stop-start-5w-30-a5-4-lt-fiyati,5585468.html","{""variant_label"": ""5 W""}"
OBY012,Total Quartz Ineo HTC 5W-30 4 lt Motor Yağı,Total,"Oto, Bahçe, Yapı Market",oto_bahce_yapi_market,"https://www.akakce.com/motor-yagi/en-ucuz-total-quartz-ineo-htc-5w-30-4-lt-fiyati,267253449.html","{""variant_label"": ""5 W""}"
OBY013,Shell Helix Ultra Sp 0W-20 5 lt Motor Yağı,Shell,"Oto, Bahçe, Yapı Market",oto_bahce_yapi_market,"https://www.akakce.com/motor-yagi/en-ucuz-shell-helix-ultra-sp-0w-20-5-l-fiyati,1761418357.html","{""variant_label"": ""0 W""}"
OBY014,Total Quartz Ineo ECS 5W-30 4 lt Motor Yağı,Total,"Oto, Bahçe, Yapı Market",oto_bahce_yapi_market,"https://www.akakce.com/motor-yagi/en-ucuz-total-quartz-ineo-ecs-5w-30-4-lt-fiyati,602910735.html","{""variant_label"": ""5 W""}"
OBY015,Shell Helix HX6 10W-40 4 lt Motor Yağı,Shell,"Oto, Bahçe, Yapı Market",oto_bahce_yapi_market,"https://www.akakce.com/motor-yagi/en-ucuz-shell-helix-hx6-10w-40-4-lt-fiyati,466799120.html","{""variant_label"": ""10 W""}"
OBY016,Mobil 1 ESP 5W-30 4 lt Motor Yağı,Mobil,"Oto, Bahçe, Yapı Market",oto_bahce_yapi_market,"https://www.akakce.com/motor-yagi/en-ucuz-mobil-1-esp-5w-30-4-lt-fiyati,619738616.html","{""variant_label"": ""5 W""}"
OBY017,Motul 8100 X-Clean EFE 5W-30 4 lt Motor Yağı,Motul,"Oto, Bahçe, Yapı Market",oto_bahce_yapi_market,"https://www.akakce.com/motor-yagi/en-ucuz-motul-8100-x-clean-efe-5w-30-4-lt-fiyati,555294891.html","{""variant_label"": ""5 W""}"
OBY018,Liqui Moly Top Tec 4200 5W-30 4 lt Motor Yağı,Liqui Moly,"Oto, Bahçe, Yapı Market",oto_bahce_yapi_market,"https://www.akakce.com/motor-yagi/en-ucuz-liqui-moly-top-tec-4200-5w-30-4-lt-fiyati,543377464.html","{""variant_label"": ""5 W""}"
OBY019,Liqui Moly Top Tec 4100 5W-40 4 lt Motor Yağı,Liqui Moly,"Oto, Bahçe, Yapı Market",oto_bahce_yapi_market,"https://www.akakce.com/motor-yagi/en-ucuz-liqui-moly-top-tec-4100-5w-40-4-lt-fiyati,1961781081.html","{""variant_label"": ""5 W""}"
OBY020,Liqui Moly Mos2 Leichtlauf 10W-40 5 lt Motor Yağı,Liqui Moly,"Oto, Bahçe, Yapı Market",oto_bahce_yapi_market,"https://www.akakce.com/motor-yagi/en-ucuz-liqui-moly-mos2-leichtlauf-10w-40-5-lt-fiyati,519308316.html","{""variant_label"": ""10 W""}"
OBY021,Castrol GTX Ultraclean 10W-40 A/B 4 lt Motor Yağı,Castrol,"Oto, Bahçe, Yapı Market",oto_bahce_yapi_market,"https://www.akakce.com/motor-yagi/en-ucuz-castrol-gtx-ultraclean-10w-40-a-b-4-lt-fiyati,237891490.html","{""variant_label"": ""10 W""}"
OBY022,Liqui Moly Top Tec 4600 Dexos2 5W-30 5 lt Motor Yağı,Liqui Moly,"Oto, Bahçe, Yapı Market",oto_bahce_yapi_market,"https://www.akakce.com/motor-yagi/en-ucuz-liqui-moly-top-tec-4600-dexos2-5w-30-5-lt-fiyati,545614312.html","{""variant_label"": ""5 W""}"
OBY023,Liqui Moly Special Tec DX1 5W-30 4 lt Motor Yağı,Liqui Moly,"Oto, Bahçe, Yapı Market",oto_bahce_yapi_market,"https://www.akakce.com/motor-yagi/en-ucuz-liqui-moly-special-tec-dx1-5w-30-4-lt-fiyati,542656426.html","{""variant_label"": ""5 W""}"
OBY024,Liqui Moly Synthoil Race Tech GT1 10W-60 5 lt Motor Yağı,Liqui Moly,"Oto, Bahçe, Yapı Market",oto_bahce_yapi_market,"https://www.akakce.com/motor-yagi/en-ucuz-liqui-moly-synthoil-race-tech-gt1-10w-60-5-lt-fiyati,552956933.html","{""variant_label"": ""10 W""}"
OBY025,Liqui Moly Top Tec 4100 5W-40 5 lt Motor Yağı,Liqui Moly,"Oto, Bahçe, Yapı Market",oto_bahce_yapi_market,"https://www.akakce.com/motor-yagi/en-ucuz-liqui-moly-top-tec-4100-5w-40-5-lt-fiyati,388027506.html","{""variant_label"": ""5 W""}"
OBY026,Castrol CRB Turbomax 15W-40 CI-4/E7 18 lt Motor Yağı,Castrol,"Oto, Bahçe, Yapı Market",oto_bahce_yapi_market,"https://www.akakce.com/motor-yagi/en-ucuz-castrol-crb-turbomax-15w-40-16-lt-fiyati,348255229.html","{""variant_label"": ""15 W""}"
OBY027,Motul 8100 Eco-nergy 5W-30 5 lt Motor Yağı,Motul,"Oto, Bahçe, Yapı Market",oto_bahce_yapi_market,"https://www.akakce.com/motor-yagi/en-ucuz-motul-8100-eco-nergy-5w-30-5-lt-fiyati,5202653.html","{""variant_label"": ""5 W""}"
OBY028,Shell Helix HX8 ECT 5W-30 4 lt Motor Yağı,Shell,"Oto, Bahçe, Yapı Market",oto_bahce_yapi_market,"https://www.akakce.com/motor-yagi/en-ucuz-shell-helix-hx8-ect-5w-30-4-litre-fiyati,1463796250.html","{""variant_label"": ""5 W""}"
OBY029,Liqui Moly Top Tec 4400 5W-30 5 lt Motor Yağı,Liqui Moly,"Oto, Bahçe, Yapı Market",oto_bahce_yapi_market,"https://www.akakce.com/motor-yagi/en-ucuz-liqui-moly-top-tec-4400-5w-30-5-lt-fiyati,552011563.html","{""variant_label"": ""5 W""}"
OBY030,Castrol Magnatec 10W-40 A3/B4 4 lt Motor Yağı - 2026,Castrol,"Oto, Bahçe, Yapı Market",oto_bahce_yapi_market,"https://www.akakce.com/motor-yagi/en-ucuz-castrol-magnatec-10w-40-a3-b4-4-lt-2026-fiyati,1451367105.html","{""variant_label"": ""10 W""}"
OBY031,Motul 8100 X-Clean 5W-40 4 lt Motor Yağı,Motul,"Oto, Bahçe, Yapı Market",oto_bahce_yapi_market,"https://www.akakce.com/motor-yagi/en-ucuz-motul-8100-x-clean-5w-40-4-lt-fiyati,7573652.html","{""variant_label"": ""5 W""}"
OBY032,Liqui Moly Top Tec 4600 Dexos2 5W-30 4 lt Motor Yağı,Liqui Moly,"Oto, Bahçe, Yapı Market",oto_bahce_yapi_market,"https://www.akakce.com/motor-yagi/en-ucuz-liqui-moly-top-tec-4600-dexos2-5w-30-4-lt-fiyati,526807541.html","{""variant_label"": ""5 W""}"
OBY033,Bosch AFS 23-37 1000 W Elektrikli Misinalı Çim Biçme Makinesi,Bosch,"Oto, Bahçe, Yapı Market",oto_bahce_yapi_market,"https://www.akakce.com/cim-bicme-makinesi/en-ucuz-bosch-afs-23-37-fiyati,6238303.html","{""variant_label"": ""1000 W""}"
OBY034,Bosch EasyRotak 32-235 1200 W Elektrikli Çim Biçme Makinesi,Bosch,"Oto, Bahçe, Yapı Market",oto_bahce_yapi_market,"https://www.akakce.com/cim-bicme-makinesi/en-ucuz-easyrotak-06008a6303-32-235-fiyati,1024022342.html","{""variant_label"": ""1200 W""}"
OBY035,Bosch UniversalRotak 34-405 1300 W Elektrikli Çim Biçme Makinesi,Bosch,"Oto, Bahçe, Yapı Market",oto_bahce_yapi_market,"https://www.akakce.com/cim-bicme-makinesi/en-ucuz-bosch-universalrotak-34-405-1300-w-elektrikli-fiyati,979483783.html","{""variant_label"": ""1300 W""}"
OBY036,Bosch EasyGrassCut 23 280 W Elektrikli Misinalı Çim Biçme Makinesi,Bosch,"Oto, Bahçe, Yapı Market",oto_bahce_yapi_market,"https://www.akakce.com/cim-bicme-makinesi/en-ucuz-bosch-easygrasscut-23-fiyati,701367280.html","{""variant_label"": ""280 W""}"
OBY037,Einhell GE-CT 18 Li Misinalı Çim Biçme Makinesi,Einhell,"Oto, Bahçe, Yapı Market",oto_bahce_yapi_market,"https://www.akakce.com/cim-bicme-makinesi/en-ucuz-einhell-ge-ct-18-li-cift-akulu-misinali-fiyati,386081028.html","{""variant_label"": ""18'li""}"
OBY038,Bosch ARM 32 1200 W Elektrikli Çim Biçme Makinesi,Bosch,"Oto, Bahçe, Yapı Market",oto_bahce_yapi_market,"https://www.akakce.com/cim-bicme-makinesi/en-ucuz-bosch-arm-32-1200-w-elektrikli-fiyati,2296516.html","{""variant_label"": ""1200 W""}"
OBY039,Bosch UniversalRotak 37-555 1400 W Elektrikli Çim Biçme Makinesi,Bosch,"Oto, Bahçe, Yapı Market",oto_bahce_yapi_market,"https://www.akakce.com/cim-bicme-makinesi/en-ucuz-bosch-universalrotak-37-555-1400-w-elektrikli-fiyati,992996267.html","{""variant_label"": ""1400 W""}"
OBY040,Kiwi KGGT-650 1300 W Elektrikli Çim Biçme Makinesi,Kiwi,"Oto, Bahçe, Yapı Market",oto_bahce_yapi_market,"https://www.akakce.com/cim-bicme-makinesi/en-ucuz-kiwi-kggt-650-elektrikli-fiyati,690955202.html","{""variant_label"": ""1300 W""}"
OBY041,Robo 88 V Şarjlı Çim Biçme Makinesi,Robo,"Oto, Bahçe, Yapı Market",oto_bahce_yapi_market,"https://www.akakce.com/cim-bicme-makinesi/en-ucuz-robo-sarjli-cim-bicme-makinesi-88v-fiyati,1262024257.html","{""variant_label"": ""88 V""}"
OBY042,Weibang WBLT567SLC Şanzımanlı Tekerlekli Motorlu Çim Biçme Makinesi,Weibang,"Oto, Bahçe, Yapı Market",oto_bahce_yapi_market,"https://www.akakce.com/cim-bicme-makinesi/en-ucuz-weibang-wblt567slc-sanzimanli-tekerlekli-motorlu-fiyati,1027192216.html","{""variant_label"": ""WBLT567SLC""}"
OBY043,Specco SP20V-5056 Çim Biçme Makinesi,Specco,"Oto, Bahçe, Yapı Market",oto_bahce_yapi_market,"https://www.akakce.com/cim-bicme-makinesi/en-ucuz-specco-sp20v-5056-cim-bicme-makinesi-fiyati,829553211.html","{""variant_label"": ""20 V""}"
OBY044,Bosch UniversalRotak 37-570 1400 W Elektrikli Çim Biçme Makinesi,Bosch,"Oto, Bahçe, Yapı Market",oto_bahce_yapi_market,"https://www.akakce.com/cim-bicme-makinesi/en-ucuz-bosch-universalrotak-37-570-1400-w-elektrikli-fiyati,1093793078.html","{""variant_label"": ""1400 W""}"
OBY045,Einhell GC-ET 4530 Set 450 W Elektrikli Misinalı Çim Biçme Makinesi,Einhell,"Oto, Bahçe, Yapı Market",oto_bahce_yapi_market,"https://www.akakce.com/cim-bicme-makinesi/en-ucuz-einhell-gc-et-4530-set-elektrikli-fiyati,1115621802.html","{""variant_label"": ""450 W""}"
OBY046,Palmera DM51S-D196 Benzinli Çim Biçme Makinesi,Palmera,"Oto, Bahçe, Yapı Market",oto_bahce_yapi_market,"https://www.akakce.com/cim-bicme-makinesi/en-ucuz-palmera-dm-51s-fiyati,729198199.html","{""variant_label"": ""DM51S-D196""}"
OBY047,Einhell GC-EM 1800/43 1800 W Elektrikli Çim Biçme Makinesi,Einhell,"Oto, Bahçe, Yapı Market",oto_bahce_yapi_market,"https://www.akakce.com/cim-bicme-makinesi/en-ucuz-einhell-gc-em-1800-43-1800-w-elektrikli-fiyati,603011373.html","{""variant_label"": ""1800 W""}"
OBY048,Bosch VisiMow 18V-200 Tek Akü 5 Ah Çim Biçme Robotu,Bosch,"Oto, Bahçe, Yapı Market",oto_bahce_yapi_market,"https://www.akakce.com/cim-bicme-makinesi/en-ucuz-bosch-visimow-18v-200-tek-aku-5-ah-cim-bicme-robotu-fiyati,1568740191.html","{""variant_label"": ""18 V""}"
OBY049,Palmera DM41P-DO140 Benzinli Çim Biçme Makinesi,Palmera,"Oto, Bahçe, Yapı Market",oto_bahce_yapi_market,"https://www.akakce.com/cim-bicme-makinesi/en-ucuz-palmera-dm41p-d0140-112591-fiyati,1306800366.html","{""variant_label"": ""DM41P-DO140""}"
OBY050,Mac Allister 1300 W Elektrikli Çim Biçme Makinesi,Mac Allister,"Oto, Bahçe, Yapı Market",oto_bahce_yapi_market,"https://www.akakce.com/cim-bicme-makinesi/en-ucuz-mac-allister-1300-w-elektrikli-fiyati,459208620.html","{""variant_label"": ""1300 W""}"
PET001,Pro Plan Somonlu 10 kg Kısırlaştırılmış Yetişkin Kedi Maması,Pro Plan,Petshop,petshop,"https://www.akakce.com/kedi-mamasi/en-ucuz-pro-plan-sterilised-somonlu-ve-ton-balikli-10-kg-kisirlastirilmis-yetiskin-kuru-fiyati,1562420.html","{""animal_type"": ""Kedi"", ""variant_label"": ""10 kg"", ""weight_kg"": 10.0}"
PET002,Enjoy Tavuklu 15 kg Yetişkin Kedi Maması,Enjoy,Petshop,petshop,"https://www.akakce.com/kedi-mamasi/en-ucuz-enjoy-tavuklu-15-kg-yetiskin-kuru-fiyati,5907259.html","{""animal_type"": ""Kedi"", ""variant_label"": ""15 kg"", ""weight_kg"": 15.0}"
PET003,Royal Canin Sterilised 15 kg Kısırlaştırılmış Yetişkin Kedi Maması,Royal Canin,Petshop,petshop,"https://www.akakce.com/kedi-mamasi/en-ucuz-royal-canin-sterilised-37-15-kg-kisirlastirilmis-yetiskin-kuru-fiyati,2002251.html","{""animal_type"": ""Kedi"", ""variant_label"": ""15 kg"", ""weight_kg"": 15.0}"
PET004,Pro Plan Somonlu 3 kg Kısırlaştırılmış Yetişkin Kedi Maması,Pro Plan,Petshop,petshop,"https://www.akakce.com/kedi-mamasi/en-ucuz-pro-plan-sterilised-somonlu-ve-ton-balikli-3-kg-kisirlastirilmis-yetiskin-fiyati,4782305.html","{""animal_type"": ""Kedi"", ""variant_label"": ""3 kg"", ""weight_kg"": 3.0}"
PET005,N&D Ocean Düşük Tahıllı Kısırlaştırılmış Somonlu ve Portakallı 10 kg Yetişkin Kedi Maması,N&D,Petshop,petshop,"https://www.akakce.com/kedi-mamasi/en-ucuz-n-d-dusuk-tahilli-somonlu-10-kg-kisirlastirilmis-yetiskin-fiyati,643790111.html","{""animal_type"": ""Kedi"", ""variant_label"": ""10 kg"", ""weight_kg"": 10.0}"
PET006,Pro Plan Derma Care Somonlu 10 kg Yetişkin Kedi Maması,Pro Plan,Petshop,petshop,"https://www.akakce.com/kedi-mamasi/en-ucuz-pro-plan-elegant-derma-hassas-deri-somonlu-10-kg-yetiskin-kuru-fiyati,566727162.html","{""animal_type"": ""Kedi"", ""variant_label"": ""10 kg"", ""weight_kg"": 10.0}"
PET007,Lider King Kuzu Etli Pirinçli 15 kg Yetişkin Kedi Maması,Lider King,Petshop,petshop,"https://www.akakce.com/kedi-mamasi/en-ucuz-king-kuzu-etli-ve-pirincli-yetiskin-15-kg-fiyati,1540797920.html","{""animal_type"": ""Kedi"", ""variant_label"": ""15 kg"", ""weight_kg"": 15.0}"
PET008,Royal Canin Sterilised 10 kg Kısırlaştırılmış Yetişkin Kedi Maması,Royal Canin,Petshop,petshop,"https://www.akakce.com/kedi-mamasi/en-ucuz-royal-canin-sterilised-37-10-kg-kisirlastirilmis-yetiskin-fiyati,618319809.html","{""animal_type"": ""Kedi"", ""variant_label"": ""10 kg"", ""weight_kg"": 10.0}"
PET009,Hill's Somonlu 10 kg Kısırlaştırılmış Yetişkin Kedi Maması,Hill's,Petshop,petshop,"https://www.akakce.com/kedi-mamasi/en-ucuz-hill-s-somonlu-10-kg-kisirlastirilmis-yetiskin-fiyati,737217595.html","{""animal_type"": ""Kedi"", ""variant_label"": ""10 kg"", ""weight_kg"": 10.0}"
PET010,N&D Tropical Selection Kuzu Etli 10 kg Kısırlaştırılmış Yetişkin Kedi Maması,N&D,Petshop,petshop,"https://www.akakce.com/kedi-mamasi/en-ucuz-n-d-tropical-selection-kisirlastirilmis-kuzu-etli-10-kg-yetiskin-fiyati,254011805.html","{""animal_type"": ""Kedi"", ""variant_label"": ""10 kg"", ""weight_kg"": 10.0}"
PET011,Royal Canin Sterilised 4 kg Kısırlaştırılmış Yetişkin Kedi Maması,Royal Canin,Petshop,petshop,"https://www.akakce.com/kedi-mamasi/en-ucuz-royal-canin-sterilised-37-4-kg-kisirlastirilmis-yetiskin-kuru-fiyati,1593994.html","{""animal_type"": ""Kedi"", ""variant_label"": ""4 kg"", ""weight_kg"": 4.0}"
PET012,Bonnie Tavuklu 10 kg Yetişkin Kedi Maması,Bonnie,Petshop,petshop,"https://www.akakce.com/kedi-mamasi/en-ucuz-bonnie-chicken-tavuklu-yetiskin-10-kg-fiyati,1313044907.html","{""animal_type"": ""Kedi"", ""variant_label"": ""10 kg"", ""weight_kg"": 10.0}"
PET013,Royal Canin Kitten 10 kg Yavru Kedi Maması,Royal Canin,Petshop,petshop,"https://www.akakce.com/kedi-mamasi/en-ucuz-royal-canin-kitten-36-10-kg-yavru-kuru-fiyati,959210.html","{""animal_type"": ""Kedi"", ""variant_label"": ""10 kg"", ""weight_kg"": 10.0}"
PET014,Pro Plan Kitten Tavuklu 10 kg Yavru Kedi Maması,Pro Plan,Petshop,petshop,"https://www.akakce.com/kedi-mamasi/en-ucuz-pro-plan-junior-optistart-tavuklu-ve-pirincli-10-kg-yavru-kuru-fiyati,4781088.html","{""animal_type"": ""Kedi"", ""variant_label"": ""10 kg"", ""weight_kg"": 10.0}"
PET015,Felicia Somonlu 12 kg Kısırlaştırılmış Yetişkin Kedi Maması,Felicia,Petshop,petshop,"https://www.akakce.com/kedi-mamasi/en-ucuz-felicia-low-grain-hypoallergenic-light-sterilised-somonlu-12-kg-yetiskin-kuru-fiyati,8404378.html","{""animal_type"": ""Kedi"", ""variant_label"": ""12 kg"", ""weight_kg"": 12.0}"
PET016,Royal Canin Kitten 2 kg Yavru Kedi Maması,Royal Canin,Petshop,petshop,"https://www.akakce.com/kedi-mamasi/en-ucuz-royal-canin-kitten-36-2-kg-yavru-fiyati,1595803.html","{""animal_type"": ""Kedi"", ""variant_label"": ""2 kg"", ""weight_kg"": 2.0}"
PET017,Pro Plan Renal Plus Sterilised Hindili ve Tavuklu Kısırlaştırılmış 10 kg Yetişkin Kedi Maması,Pro Plan,Petshop,petshop,"https://www.akakce.com/kedi-mamasi/en-ucuz-pro-plan-sterilised-hindili-ve-tavuklu-10-kg-kisirlastirilmis-yetiskin-kuru-fiyati,5135921.html","{""animal_type"": ""Kedi"", ""variant_label"": ""10 kg"", ""weight_kg"": 10.0}"
PET018,Royal Canin Neutered Satiety Balance 12 kg Kedi Maması,Royal Canin,Petshop,petshop,"https://www.akakce.com/kedi-mamasi/en-ucuz-royal-canin-neutered-satiety-balance-12-kg-fiyati,554602347.html","{""animal_type"": ""Kedi"", ""variant_label"": ""12 kg"", ""weight_kg"": 12.0}"
PET019,Felix Karışık 85 gr 104'lü Yetişkin Kedi Yaş Maması,Felix,Petshop,petshop,"https://www.akakce.com/kedi-mamasi/en-ucuz-felix-karisik-85-gr-104-lu-yetiskin-kedi-yas-mamasi-fiyati,646924162.html","{""animal_type"": ""Kedi"", ""variant_label"": ""85 gr"", ""weight_kg"": 0.085}"
PET020,Trendline Gourmet 15 kg Yetişkin Kedi Maması,Trendline,Petshop,petshop,"https://www.akakce.com/kedi-mamasi/en-ucuz-trendline-gourmet-15-kg-yetiskin-kuru-fiyati,21667801.html","{""animal_type"": ""Kedi"", ""variant_label"": ""15 kg"", ""weight_kg"": 15.0}"
PET021,Royal Canin Sterilised 2 kg Kısırlaştırılmış Yetişkin Kedi Maması,Royal Canin,Petshop,petshop,"https://www.akakce.com/kedi-mamasi/en-ucuz-royal-canin-sterilised-37-2-kg-kisirlastirilmis-yetiskin-fiyati,1568800.html","{""animal_type"": ""Kedi"", ""variant_label"": ""2 kg"", ""weight_kg"": 2.0}"
PET022,Pro Plan Sterilised Somonlu 12 kg Kısırlaştırılmış Yetişkin Kedi Maması,Pro Plan,Petshop,petshop,"https://www.akakce.com/kedi-mamasi/en-ucuz-pro-plan-sterilised-somonlu-ve-ton-balikli-10-2-kg-kisirlastirilmis-yetiskin-kuru-fiyati,388529961.html","{""animal_type"": ""Kedi"", ""variant_label"": ""12 kg"", ""weight_kg"": 12.0}"
PET023,Royal Canin Kitten British Shorthair 2 kg Yavru Kedi Maması,Royal Canin,Petshop,petshop,"https://www.akakce.com/kedi-mamasi/en-ucuz-royal-canin-kitten-british-shorthair-2-kg-yavru-kuru-fiyati,5587808.html","{""animal_type"": ""Kedi"", ""variant_label"": ""2 kg"", ""weight_kg"": 2.0}"
PET024,Reflex Tavuklu 15 kg Yetişkin Kedi Maması,Reflex,Petshop,petshop,"https://www.akakce.com/kedi-mamasi/en-ucuz-reflex-premium-tavuklu-15-kg-yetiskin-kuru-fiyati,5309327.html","{""animal_type"": ""Kedi"", ""variant_label"": ""15 kg"", ""weight_kg"": 15.0}"
PET025,Royal Canin Exigent Savour Sensation 35/30 2 kg Yetişkin Kedi Maması,Royal Canin,Petshop,petshop,"https://www.akakce.com/kedi-mamasi/en-ucuz-royal-canin-exigent-savour-sensation-35-30-2-kg-yetiskin-kuru-fiyati,1594220.html","{""animal_type"": ""Kedi"", ""variant_label"": ""2 kg"", ""weight_kg"": 2.0}"
PET026,Reflex Kitten Tavuklu 15 kg Yavru Kedi Maması,Reflex,Petshop,petshop,"https://www.akakce.com/kedi-mamasi/en-ucuz-reflex-kitten-tavuklu-15-kg-yavru-kuru-fiyati,4809641.html","{""animal_type"": ""Kedi"", ""variant_label"": ""15 kg"", ""weight_kg"": 15.0}"
PET027,Loyal Tavuklu 15 kg Yetişkin Kedi Maması,Loyal,Petshop,petshop,"https://www.akakce.com/kedi-mamasi/en-ucuz-loyal-tavuklu-15-kg-yetiskin-fiyati,1598560811.html","{""animal_type"": ""Kedi"", ""variant_label"": ""15 kg"", ""weight_kg"": 15.0}"
PET028,Royal Canin British Shorthair 4 kg Yetişkin Kedi Maması,Royal Canin,Petshop,petshop,"https://www.akakce.com/kedi-mamasi/en-ucuz-royal-canin-british-shorthair-4-kg-yetiskin-kuru-fiyati,8470742.html","{""animal_type"": ""Kedi"", ""variant_label"": ""4 kg"", ""weight_kg"": 4.0}"
PET029,Royal Canin Kitten 4 kg Yavru Kedi Maması,Royal Canin,Petshop,petshop,"https://www.akakce.com/kedi-mamasi/en-ucuz-royal-canin-kitten-36-4-kg-yavru-fiyati,1595988.html","{""animal_type"": ""Kedi"", ""variant_label"": ""4 kg"", ""weight_kg"": 4.0}"
PET030,Econature Tavuklu 15 kg Yetişkin Kedi Maması,Econature,Petshop,petshop,"https://www.akakce.com/kedi-mamasi/en-ucuz-econature-tavuklu-15-kg-yetiskin-kuru-fiyati,85989941.html","{""animal_type"": ""Kedi"", ""variant_label"": ""15 kg"", ""weight_kg"": 15.0}"
PET031,Pro Plan Somonlu 400 gr Kısırlaştırılmış Yetişkin Kedi Maması,Pro Plan,Petshop,petshop,"https://www.akakce.com/kedi-mamasi/en-ucuz-pro-plan-sterilised-somonlu-400-gr-kisirlastirilmis-yetiskin-fiyati,753754875.html","{""animal_type"": ""Kedi"", ""variant_label"": ""400 gr"", ""weight_kg"": 0.4}"
PET032,Pro Plan Somonlu 1.5 kg Kısırlaştırılmış Yetişkin Kedi Maması,Pro Plan,Petshop,petshop,"https://www.akakce.com/kedi-mamasi/en-ucuz-pro-plan-sterilised-somonlu-ve-ton-balikli-1-5-kg-kisirlastirilmis-yetiskin-fiyati,4781111.html","{""animal_type"": ""Kedi"", ""variant_label"": ""1.5 kg"", ""weight_kg"": 1.5}"
PET033,Enjoy Biftekli 15 kg Köpek Maması,Enjoy,Petshop,petshop,"https://www.akakce.com/kopek-mamasi/en-ucuz-enjoy-biftekli-15-kg-fiyati,509421123.html","{""animal_type"": ""Köpek"", ""variant_label"": ""15 kg"", ""weight_kg"": 15.0}"
PET034,Royal Canin Poodle 3 kg Yetişkin Köpek Maması,Royal Canin,Petshop,petshop,"https://www.akakce.com/kopek-mamasi/en-ucuz-royal-canin-poodle-adult-3-kg-yetiskin-fiyati,761158320.html","{""animal_type"": ""Köpek"", ""variant_label"": ""3 kg"", ""weight_kg"": 3.0}"
PET035,Pro Plan Medium Somonlu 14 kg + 2.5 kg Orta Irk Yetişkin Köpek Maması,Pro Plan,Petshop,petshop,"https://www.akakce.com/kopek-mamasi/en-ucuz-pro-plan-adult-sensitive-somonlu-pirincli-14-kg-2-5-kg-yetiskin-kuru-fiyati,5506404.html","{""animal_type"": ""Köpek"", ""variant_label"": ""14 kg"", ""weight_kg"": 14.0}"
PET036,Ecopet Kuzu Etli ve Pirinçli 15 kg Yetişkin Köpek Maması,Ecopet,Petshop,petshop,"https://www.akakce.com/kopek-mamasi/en-ucuz-ecopet-kuzu-etli-ve-pirincli-15-kg-yetiskin-fiyati,41305653.html","{""animal_type"": ""Köpek"", ""variant_label"": ""15 kg"", ""weight_kg"": 15.0}"
PET037,Reflex Kuzu Etli 15 kg Yetişkin Köpek Maması,Reflex,Petshop,petshop,"https://www.akakce.com/kopek-mamasi/en-ucuz-reflex-kuzulu-ve-pirincli-15-kg-yetiskin-fiyati,4783986.html","{""animal_type"": ""Köpek"", ""variant_label"": ""15 kg"", ""weight_kg"": 15.0}"
PET038,King Biftekli 15 kg Yetişkin Köpek Maması,Lider King,Petshop,petshop,"https://www.akakce.com/kopek-mamasi/en-ucuz-king-biftekli-15-kg-yetiskin-fiyati,6070591.html","{""animal_type"": ""Köpek"", ""variant_label"": ""15 kg"", ""weight_kg"": 15.0}"
PET039,Royal Canin Maltese Terrier 1.5 kg Yetişkin Köpek Maması,Royal Canin,Petshop,petshop,"https://www.akakce.com/kopek-mamasi/en-ucuz-royal-canin-adult-maltese-terrier-1-5-kg-ozel-irk-yetiskin-kopek-mamasi-fiyati,4832156.html","{""animal_type"": ""Köpek"", ""variant_label"": ""1.5 kg"", ""weight_kg"": 1.5}"
PET040,Royal Canin Pomeranian 3 kg Yetişkin Köpek Maması,Royal Canin,Petshop,petshop,"https://www.akakce.com/kopek-mamasi/en-ucuz-royal-canin-pomeranian-3-kg-yetiskin-fiyati,872506276.html","{""animal_type"": ""Köpek"", ""variant_label"": ""3 kg"", ""weight_kg"": 3.0}"
PET041,Royal Canin Mini Starter Mother & Babydog 4 kg Köpek Maması,Royal Canin,Petshop,petshop,"https://www.akakce.com/kopek-mamasi/en-ucuz-royal-canin-mini-starter-yavru-anne-4-kg-fiyati,255991981.html","{""animal_type"": ""Köpek"", ""variant_label"": ""4 kg"", ""weight_kg"": 4.0}"
PET042,Mystic Az Tahıllı Somonlu 15 kg Yetişkin Köpek Maması,Mystic,Petshop,petshop,"https://www.akakce.com/kopek-mamasi/en-ucuz-mystic-az-tahilli-somonlu-15-kg-yetiskin-kuru-fiyati,623470628.html","{""animal_type"": ""Köpek"", ""variant_label"": ""15 kg"", ""weight_kg"": 15.0}"
PET043,Pro Plan Sensitive Digestion Medium Kuzu Etli 14 kg Yetişkin Köpek Maması,Pro Plan,Petshop,petshop,"https://www.akakce.com/kopek-mamasi/en-ucuz-pro-plan-adult-digestion-kuzulu-ve-pirincli-14-kg-yetiskin-fiyati,4782035.html","{""animal_type"": ""Köpek"", ""variant_label"": ""14 kg"", ""weight_kg"": 14.0}"
PET044,Royal Canin Cavalier King Charles 3 kg Yetişkin Köpek Maması,Royal Canin,Petshop,petshop,"https://www.akakce.com/kopek-mamasi/en-ucuz-royal-canin-cavalier-king-charles-27-3-kg-yetiskin-fiyati,6283697.html","{""animal_type"": ""Köpek"", ""variant_label"": ""3 kg"", ""weight_kg"": 3.0}"
PET045,Royal Canin Mini Adult 8 kg Küçük Irk Yetişkin Köpek Maması,Royal Canin,Petshop,petshop,"https://www.akakce.com/kopek-mamasi/en-ucuz-royal-canin-mini-adult-8-kg-kucuk-irk-yetiskin-fiyati,4781208.html","{""animal_type"": ""Köpek"", ""variant_label"": ""8 kg"", ""weight_kg"": 8.0}"
PET046,Pro Plan Small & Mini Somonlu 3 kg Küçük Irk Yetişkin Köpek Maması,Pro Plan,Petshop,petshop,"https://www.akakce.com/kopek-mamasi/en-ucuz-pro-plan-adult-small-somonlu-ve-pirincli-3-kg-kucuk-irk-yetiskin-kopek-mamasi-fiyati,1189697.html","{""animal_type"": ""Köpek"", ""variant_label"": ""3 kg"", ""weight_kg"": 3.0}"
PET047,Enjoy Kuzu Etli ve Pirinçli 15 kg Yetişkin Köpek Maması,Enjoy,Petshop,petshop,"https://www.akakce.com/kopek-mamasi/en-ucuz-enjoy-kuzu-etli-ve-pirincli-15-kg-yetiskin-fiyati,6416825.html","{""animal_type"": ""Köpek"", ""variant_label"": ""15 kg"", ""weight_kg"": 15.0}"
PET048,Royal Canin Poodle 3 kg Yavru Köpek Maması,Royal Canin,Petshop,petshop,"https://www.akakce.com/kopek-mamasi/en-ucuz-royal-canin-poodle-puppy-3-kg-yavru-fiyati,759189706.html","{""animal_type"": ""Köpek"", ""variant_label"": ""3 kg"", ""weight_kg"": 3.0}"
PET049,Mystic Az Tahıllı Kuzu Etli 15 kg Yetişkin Köpek Maması,Mystic,Petshop,petshop,"https://www.akakce.com/kopek-mamasi/en-ucuz-mystic-az-tahilli-kuzulu-15-kg-yetiskin-kuru-fiyati,617729773.html","{""animal_type"": ""Köpek"", ""variant_label"": ""15 kg"", ""weight_kg"": 15.0}"
PET050,Royal Canin Mini Adult 2 kg Küçük Irk Yetişkin Köpek Maması,Royal Canin,Petshop,petshop,"https://www.akakce.com/kopek-mamasi/en-ucuz-royal-canin-mini-adult-2-kg-kucuk-irk-yetiskin-kopek-mamasi-fiyati,1566723.html","{""animal_type"": ""Köpek"", ""variant_label"": ""2 kg"", ""weight_kg"": 2.0}"
SPM001,Eti Burçak Sütlü Çikolatalı Bisküvi 114 gr,Eti,Süpermarket,supermarket,"https://www.akakce.com/biskuvi/en-ucuz-eti-burcak-sutlu-cikolatali-114-gr-fiyati,405079779.html","{""net_weight_g"": 114, ""variant_label"": ""114 gr""}"
SPM002,Eti Tutku Tart 45 gr,Eti,Süpermarket,supermarket,"https://www.akakce.com/biskuvi/en-ucuz-eti-tutku-tart-45-gr-fiyati,1251553440.html","{""net_weight_g"": 45, ""variant_label"": ""45 gr""}"
SPM003,Lotus Biscoff Karamelize Bisküvi 250 gr,Lotus,Süpermarket,supermarket,"https://www.akakce.com/biskuvi/en-ucuz-lotus-biscoff-karamelize-250-gr-fiyati,495082365.html","{""net_weight_g"": 250, ""variant_label"": ""250 gr""}"
SPM004,Eti Finger Bisküvi 900 gr,Eti,Süpermarket,supermarket,"https://www.akakce.com/biskuvi/en-ucuz-eti-finger-6-li-900-gr-fiyati,4104076.html","{""net_weight_g"": 900, ""variant_label"": ""900 gr""}"
SPM005,Nutella Biscuits 193 gr,Nutella,Süpermarket,supermarket,"https://www.akakce.com/biskuvi/en-ucuz-nutella-biscuits-193-gr-fiyati,812622256.html","{""net_weight_g"": 193, ""variant_label"": ""193 gr""}"
SPM006,Eti Petit Beurre Bisküvi 800 gr,Eti,Süpermarket,supermarket,"https://www.akakce.com/biskuvi/en-ucuz-eti-petit-beure-800-gr-fiyati,65000291.html","{""net_weight_g"": 800, ""variant_label"": ""800 gr""}"
SPM007,Biscolata Mood Sütlü Çikolatalı Krema Dolgulu Bisküvi 125 gr,Biscolata,Süpermarket,supermarket,"https://www.akakce.com/biskuvi/en-ucuz-biscolata-mood-bardak-125-gr-cikolatali-fiyati,537165605.html","{""net_weight_g"": 125, ""variant_label"": ""125 gr""}"
SPM008,Eti Burçak Çörek Otlu Tuzlu Bisküvi 3x91 gr,Eti,Süpermarket,supermarket,"https://www.akakce.com/biskuvi/en-ucuz-burcak-tuzlu-corekotlu-3x91-g-fiyati,1596096859.html","{""net_weight_g"": 91, ""variant_label"": ""91 gr""}"
SPM009,Züber Yulaflı ve Kakaolu Kurabiye 80 gr,Züber,Süpermarket,supermarket,"https://www.akakce.com/biskuvi/en-ucuz-zuber-yulafli-kurabiye-80-gr-fiyati,1358601504.html","{""net_weight_g"": 80, ""variant_label"": ""80 gr""}"
SPM010,Ülker Probis Sandviç Bisküvi 280 gr,Ülker,Süpermarket,supermarket,"https://www.akakce.com/biskuvi/en-ucuz-ulker-probis-proteinli-10-lu-280-gr-sandvic-fiyati,561716555.html","{""net_weight_g"": 280, ""variant_label"": ""280 gr""}"
SPM011,Humm Organic Tarçınlı ve Zencefilli Kurabiye 55 gr 6'lı,Humm,Süpermarket,supermarket,"https://www.akakce.com/biskuvi/en-ucuz-humm-organic-organik-zencefilli-tarcinli-vegan-kurabiye-55g-x-6-adet-fiyati,1156510128.html","{""net_weight_g"": 55, ""variant_label"": ""55 gr""}"
SPM012,Eti Burçak Klasik Bisküvi 3x131 gr,Eti,Süpermarket,supermarket,"https://www.akakce.com/biskuvi/en-ucuz-eti-burcak-klasik-131-gr-3-lu-paket-fiyati,712936279.html","{""net_weight_g"": 131, ""variant_label"": ""131 gr""}"
SPM013,Lotus Biscoff Crumble Bisküvi Parçacıkları 750 gr,Lotus,Süpermarket,supermarket,"https://www.akakce.com/biskuvi/en-ucuz-lotus-biscoff-crumble-750-gr-parcaciklari-fiyati,602754278.html","{""net_weight_g"": 750, ""variant_label"": ""750 gr""}"
SPM014,Oreo Bisküvi 228 gr,Oreo,Süpermarket,supermarket,"https://www.akakce.com/biskuvi/en-ucuz-oreo-228-gr-fiyati,5103752.html","{""net_weight_g"": 228, ""variant_label"": ""228 gr""}"
SPM015,Eti Burçak Fındık Ezmeli Kremalı Proteinli Bisküvi 158 gr,Eti,Süpermarket,supermarket,"https://www.akakce.com/biskuvi/en-ucuz-eti-burcak-findik-ezmeli-kremali-proteinli-158-gr-fiyati,168780737.html","{""net_weight_g"": 158, ""variant_label"": ""158 gr""}"
SPM016,Eti Tutku Bisküvi 100 gr,Eti,Süpermarket,supermarket,"https://www.akakce.com/biskuvi/en-ucuz-eti-tutku-100-gr-fiyati,539003401.html","{""net_weight_g"": 100, ""variant_label"": ""100 gr""}"
SPM017,Alpella Harby Karamelli Bisküvi 24x25 gr,Alpella,Süpermarket,supermarket,"https://www.akakce.com/biskuvi/en-ucuz-alpella-harby-karamel-kaplamali-25-gr-24-lu-fiyati,465360276.html","{""net_weight_g"": 25, ""variant_label"": ""25 gr""}"
SPM018,Biscolata Stix Sütlü Çikolatalı 40 gr,Biscolata,Süpermarket,supermarket,"https://www.akakce.com/biskuvi/en-ucuz-biscolata-stix-40-gr-sutlu-cikolata-kapli-fiyati,781913329.html","{""net_weight_g"": 40, ""variant_label"": ""40 gr""}"
SPM019,Eti Petit Beurre Kakaolu Fındık Kremalı Bisküvi 270 gr,Eti,Süpermarket,supermarket,"https://www.akakce.com/biskuvi/en-ucuz-eti-petit-beurre-kakaolu-findik-kremali-270-gr-fiyati,666022459.html","{""net_weight_g"": 270, ""variant_label"": ""270 gr""}"
SPM020,Eti Form Hurma İncir ve Çiyalı Bisküvi 24x50 gr,Eti,Süpermarket,supermarket,"https://www.akakce.com/biskuvi/en-ucuz-eti-form-50-gr-24-lu-paket-hurma-incir-ve-ciyali-fiyati,1305767328.html","{""net_weight_g"": 50, ""variant_label"": ""50 gr""}"
SPM021,Eti Burçak Zeytinli Tuzlu Bisküvi 3x91 gr,Eti,Süpermarket,supermarket,"https://www.akakce.com/biskuvi/en-ucuz-eti-burcak-91-gr-3-lu-tuzlu-zeytinli-fiyati,1596096853.html","{""net_weight_g"": 91, ""variant_label"": ""91 gr""}"
SPM022,Eti Form Bitter Çikolata Kaplamalı Lifli Bisküvi 24x50 gr,Eti,Süpermarket,supermarket,"https://www.akakce.com/biskuvi/en-ucuz-eti-form-50-gr-24-lu-paket-bitter-kaplamali-fiyati,980468103.html","{""net_weight_g"": 50, ""variant_label"": ""50 gr""}"
SPM023,Humm Organic Tarçınlı ve Zencefilli Kurabiye 55 gr,Humm,Süpermarket,supermarket,"https://www.akakce.com/biskuvi/en-ucuz-humm-organik-tarcinli-zencefilli-kurabiye-55-gr-fiyati,918989155.html","{""net_weight_g"": 55, ""variant_label"": ""55 gr""}"
SPM024,Ülker Stars XL Cookie Fındıklı Sütlü 47 gr,Ülker,Süpermarket,supermarket,"https://www.akakce.com/biskuvi/en-ucuz-ulker-stars-xl-findikli-sutlu-bitter-cikolatali-cookie-47-gr-fiyati,904735220.html","{""net_weight_g"": 47, ""variant_label"": ""47 gr""}"
SPM025,"Eti Form Kakaolu, Fındıklı Tarçınlı Kepekli Bisküvi 40 g x 24 Adet",-,Süpermarket,supermarket,"https://www.akakce.com/biskuvi/en-ucuz-eti-form-kakaolu-findikli-tarcinli-kepekli-40-g-x-24-adet-fiyati,822254455.html","{""net_weight_g"": 40, ""variant_label"": ""40 g""}"
SPM026,Nutella Ferrero Biscuits 304 gr,Nutella,Süpermarket,supermarket,"https://www.akakce.com/biskuvi/en-ucuz-ferrero-rocher-304-gr-nutella-biscuits-fiyati,1542880189.html","{""net_weight_g"": 304, ""variant_label"": ""304 gr""}"
SPM027,Eti Burçak Yulaflı Bisküvi 125 gr,Eti,Süpermarket,supermarket,"https://www.akakce.com/biskuvi/en-ucuz-eti-burcak-yulafli-125-gr-fiyati,892173828.html","{""net_weight_g"": 125, ""variant_label"": ""125 gr""}"
SPM028,Ülker Pötibör Sade Bisküvi 450 gr,Ülker,Süpermarket,supermarket,"https://www.akakce.com/biskuvi/en-ucuz-ulker-potibor-sade-450-gr-fiyati,652023243.html","{""net_weight_g"": 450, ""variant_label"": ""450 gr""}"
SPM029,Eti Form Kepekli Bisküvi 45 gr,Eti,Süpermarket,supermarket,"https://www.akakce.com/biskuvi/en-ucuz-eti-form-kepekli-45-gr-fiyati,5901699.html","{""net_weight_g"": 45, ""variant_label"": ""45 gr""}"
SPM030,Eti Burçak Fındık Ezmeli Kremalı Proteinli Bisküvi 158 gr 18'li,Eti,Süpermarket,supermarket,"https://www.akakce.com/biskuvi/en-ucuz-eti-burcak-findik-ezmeli-kremali-proteinli-158-gr-18-li-fiyati,537069042.html","{""net_weight_g"": 158, ""variant_label"": ""158 gr""}"
SPM031,Çizmeci Time Mimosa Karamelize Bisküvi 128 gr,Çizmeci Time,Süpermarket,supermarket,"https://www.akakce.com/biskuvi/en-ucuz-cizmeci-time-mimosa-karamelize-128-gr-fiyati,1332883454.html","{""net_weight_g"": 128, ""variant_label"": ""128 gr""}"
SPM032,Ülker Halley Mini Granüllü Bisküvi 66 gr 24'lü,Ülker,Süpermarket,supermarket,"https://www.akakce.com/biskuvi/en-ucuz-ulker-halley-mini66-gr-24-lu-paket-fiyati,470196366.html","{""net_weight_g"": 66, ""variant_label"": ""66 gr""}"
SPM033,Kahve Dünyası Lavi Karışık Dolgulu Çikolata 1 kg,Kahve Dünyası,Süpermarket,supermarket,"https://www.akakce.com/cikolata/en-ucuz-kahve-dunyasi-lavi-1-kg-bayram-hediyesi-fiyati,1304317548.html","{""net_weight_g"": 1000, ""variant_label"": ""1 kg""}"
SPM034,Merci Finest Selection Çikolata 250 gr,Merci,Süpermarket,supermarket,"https://www.akakce.com/cikolata/en-ucuz-merci-finest-selection-250-g-fiyati,869421919.html","{""net_weight_g"": 250, ""variant_label"": ""250 gr""}"
SPM035,Kahve Dünyası Tambol Sütlü Çikolata 77 gr,Kahve Dünyası,Süpermarket,supermarket,"https://www.akakce.com/cikolata/en-ucuz-kahve-dunyasi-tambol-sutlu-77-gr-fiyati,619453618.html","{""net_weight_g"": 77, ""variant_label"": ""77 gr""}"
SPM036,Kahve Dünyası Mini Tambol Mix 18x13 gr,Kahve Dünyası,Süpermarket,supermarket,"https://www.akakce.com/cikolata/en-ucuz-kahve-dunyasi-mini-tambol-mix-18x13-gr-fiyati,986745799.html","{""net_weight_g"": 13, ""variant_label"": ""13 gr""}"
SPM037,Ferrero Rocher Fındıklı Çikolata 200 gr,Ferrero Rocher,Süpermarket,supermarket,"https://www.akakce.com/cikolata/en-ucuz-ferrero-rocher-findikli-200-gr-fiyati,330582438.html","{""net_weight_g"": 200, ""variant_label"": ""200 gr""}"
SPM038,Raffaello Çikolata 150 gr,Raffaello,Süpermarket,supermarket,"https://www.akakce.com/cikolata/en-ucuz-raffaello-150-gr-15-li-fiyati,580603341.html","{""net_weight_g"": 150, ""variant_label"": ""150 gr""}"
SPM039,Kahve Dünyası Tambol Antep Fıstıklı Sütlü Çikolata 77 gr,Kahve Dünyası,Süpermarket,supermarket,"https://www.akakce.com/cikolata/en-ucuz-kahve-dunyasi-tambol-antep-fistikli-sutlu-77-gr-fiyati,415001079.html","{""net_weight_g"": 77, ""variant_label"": ""77 gr""}"
SPM040,Toffifee Fındıklı Karamelli Çikolata 125 gr,Toffifee,Süpermarket,supermarket,"https://www.akakce.com/cikolata/en-ucuz-toffifee-125-gr-butun-findikli-karamelli-fiyati,381132550.html","{""net_weight_g"": 125, ""variant_label"": ""125 gr""}"
SPM041,Choceur Nussknacker Bütün Fındıklı Çikolata 100 gr,Choceur,Süpermarket,supermarket,"https://www.akakce.com/cikolata/en-ucuz-choceur-nussknacker-100-gr-fiyati,789206867.html","{""net_weight_g"": 100, ""variant_label"": ""100 gr""}"
SPM042,GOLD Q7 Q7 Çikolata 12'li,-,Süpermarket,supermarket,"https://www.akakce.com/cikolata/en-ucuz-gold-q7-q7-12-li-fiyati,947924349.html","{""variant_label"": ""12'li""}"
SPM043,Kahve Dünyası Tambol Antep Fıstıklı Sütlü Çikolata 77 gr 10'lu,Kahve Dünyası,Süpermarket,supermarket,"https://www.akakce.com/cikolata/en-ucuz-kahve-dunyasi-tambol-antep-fistikli-sutlu-77-gr-x-10-adet-fiyati,936697598.html","{""net_weight_g"": 77, ""variant_label"": ""77 gr""}"
SPM044,Ülker %80 Kakao Kare Bitter Çikolata 60 gr,Ülker,Süpermarket,supermarket,"https://www.akakce.com/cikolata/en-ucuz-ulker-60-gr-80-kakao-kare-bitter-fiyati,4103960.html","{""net_weight_g"": 60, ""variant_label"": ""60 gr""}"
SPM045,Kahve Dünyası Nello Fındık Ezmesi ve Bütün Fındıklı Sütlü Çikolata 250 gr,Kahve Dünyası,Süpermarket,supermarket,"https://www.akakce.com/cikolata/en-ucuz-kahve-dunyasi-nello-findik-ezmesi-ve-butun-findikli-sutlu-250-gr-fiyati,978339093.html","{""net_weight_g"": 250, ""variant_label"": ""250 gr""}"
SPM046,Kahve Dünyası Tambol Bol Sütlü Çikolata 77 gr,Kahve Dünyası,Süpermarket,supermarket,"https://www.akakce.com/cikolata/en-ucuz-kahve-dunyasi-tambol-bol-sutlu-77-gr-fiyati,1185781054.html","{""net_weight_g"": 77, ""variant_label"": ""77 gr""}"
SPM047,Tadelle King Size Sütlü Çikolata 52 gr,Tadelle,Süpermarket,supermarket,"https://www.akakce.com/cikolata/en-ucuz-tadelle-king-size-52-gr-sutlu-fiyati,455323534.html","{""net_weight_g"": 52, ""variant_label"": ""52 gr""}"
SPM048,Tadelle Mini Fındık Dolgulu Sütlü Çikolata 200 gr,Tadelle,Süpermarket,supermarket,"https://www.akakce.com/cikolata/en-ucuz-tadelle-200-gr-findik-dolgulu-mini-sutlu-fiyati,994339089.html","{""net_weight_g"": 200, ""variant_label"": ""200 gr""}"
SPM049,Nestle 1927 %82 Kakaolu Bitter Çikolata 60 gr,Nestle,Süpermarket,supermarket,"https://www.akakce.com/cikolata/en-ucuz-nestle-1927-82-kakaolu-60-gr-bitter-fiyati,778560221.html","{""net_weight_g"": 60, ""variant_label"": ""60 gr""}"
SPM050,Callebaut 2'li Çikolata Paketi,Callebaut,Süpermarket,supermarket,"https://www.akakce.com/cikolata/en-ucuz-callebaut-2-li-paketi-fiyati,1549055868.html","{""variant_label"": ""2'li""}"
